source_task,target_task,source_topology,target_topology,source_rows,target_rows,excluded_query_count,compatible,computed,matched_pairs,spearman_rho,undefined_reason,chemistry_min,chemistry_q05,chemistry_q25,chemistry_median,chemistry_q75,chemistry_q95,chemistry_max,condition_min,condition_q05,condition_q25,condition_median,condition_q75,condition_q95,condition_max,combined_min,combined_q05,combined_q25,combined_median,combined_q75,combined_q95,combined_max
experiment/density,experiment/density,il,il,100579,100579,0,True,False,0,,same_task_skipped,,,,,,,,,,,,,,,,,,,,,
experiment/density,experiment/dynamic_relative_permittivity,il,il,100579,882,0,True,True,100579,-0.04690143722759546,,0.0,0.16480441082434805,0.4113063728303113,0.6324555320336759,1.0,1.0,1.0,0.30167090391947843,0.4570926243275108,0.6675554429417886,0.7674954910825819,0.8025769509048292,0.8322930033587973,0.8333333333333334,0.10701467366609099,0.3449593560628123,0.5031082470200632,0.6617894449862106,0.8581388097773237,0.9422013258631274,0.95
experiment/density,experiment/electrical_conductivity,il,il,100579,9464,0,True,True,100579,0.20743823145152493,,0.0,0.30618621784789724,0.6255432421712243,1.0,1.0,1.0,1.0,0.2797523676579432,0.6030407461288141,0.9231487440120292,0.9938269539198682,0.9996186653418979,1.0,1.0,0.2802403857672126,0.5079309840251016,0.7186667630543582,0.8969021273084476,0.9993492724494766,1.0,1.0
experiment/density,experiment/equilibrium_pressure,il,il,100579,2029,0,True,True,100579,-0.11327577791860644,,0.0,0.1556997888323046,0.3627381250550058,0.6123724356957945,1.0,1.0,1.0,0.3036748722982682,0.39478317980541355,0.47427702380152925,0.5396192653995777,0.6128416005537455,0.7316694487504449,0.75,0.17904763021792242,0.28156528942572145,0.421423552834495,0.6002048594599997,0.8316387380901727,0.8838524801661236,0.9249878211431567
experiment/density,experiment/glass_transition_temperature,il,il,100579,793,0,True,True,100579,-0.21646388764389032,,0.0,0.3086066999241838,0.512989176042577,0.7416198487095663,1.0,1.0,1.0,0.5,0.5,0.5,0.5,0.5,0.5,0.5,0.15,0.36602468994692866,0.5090924232298039,0.6691338940966964,0.85,0.85,0.85
experiment/density,experiment/heat_capacity,il,il,100579,15215,0,True,True,100579,0.056509255586203684,,0.0,0.2760888360148791,0.5883484054145521,1.0,1.0,1.0,1.0,0.2560009370936372,0.5975528160271617,0.8914286055856973,0.9954846287391255,0.9996186653418979,1.0,1.0,0.2903039658136839,0.4875649223115099,0.6925389717945463,0.8854380422811046,0.9984021739824068,1.0,1.0
experiment/density,experiment/isobaric_coefficient_of_volume_expansion,il,il,100579,894,0,True,True,100579,-0.13530519813773922,,0.0,0.09682458365518543,0.2679456508228335,0.45773770821706344,0.7071067811865476,1.0,1.0,0.2245882767283422,0.6280159246655805,0.6961172418922882,0.8767723542664058,0.9588849999675138,0.9989469720699053,1.0,0.16610246168948045,0.338450661342057,0.4504395557972056,0.5689509070376525,0.7357151450673275,0.9773866457448646,1.0
experiment/density,experiment/melting_point,il,il,100579,4688,0,True,True,100579,-0.050968290347698106,,0.125,0.4264014327112209,0.6882472016116853,1.0,1.0,1.0,1.0,0.5,0.5,0.5,0.5,0.5,0.5,0.5,0.2375,0.44848100289785464,0.6317730411281797,0.85,0.85,0.85,0.85
experiment/density,experiment/pec50,il,il,100579,330,0,True,True,100579,0.18862141913046584,,0.0,0.22454435656953592,0.4822428221704121,0.7559289460184544,1.0,1.0,1.0,0.5,0.5,0.5,0.5,0.5,0.5,0.5,0.15,0.3071810495986751,0.4875699755192885,0.6791502622129181,0.85,0.85,0.85
experiment/density,experiment/refractive_index,il,il,100579,10764,0,True,True,100579,-0.5423711838896363,,0.0,0.3692744729379982,0.6708203932499369,1.0,1.0,1.0,1.0,0.3373339580624248,0.5421677980813622,0.7034939094796883,0.8283103660843416,0.8331980346739654,0.8333333333333334,0.8333333333333334,0.22351125890353007,0.497402641313929,0.7103096380302221,0.876678706817276,0.9496879010076391,0.95,0.95
experiment/density,experiment/self_diffusion_coefficient,il,il,100579,382,0,True,True,100579,0.1183526486216662,,0.0,0.0,0.23570226039551584,0.5345224838248488,0.9198662110077999,1.0,1.0,0.20235872759144083,0.5440182722990006,0.8052456541057701,0.9791322085643475,0.9968433750842829,0.9999706992784017,1.0,0.14004401951404183,0.3,0.4429028336167284,0.6438568006243157,0.872405222787803,0.9986369638909505,1.0
experiment/density,experiment/solvation,il,il_solute,100579,23783,0,False,False,0,,incompatible_topology,,,,,,,,,,,,,,,,,,,,,
experiment/density,experiment/speed_of_sound,il,il,100579,6819,0,True,True,100579,-0.480775629994516,,0.0,0.2721655269759087,0.5222329678670935,0.9198662110077999,1.0,1.0,1.0,0.2560009370936372,0.6145497842840679,0.942665579568021,0.9959566535643776,0.9999594038105225,1.0,1.0,0.17913674666692114,0.48145958132647226,0.6499695548355123,0.8630797665778907,0.9953445708538402,1.0,1.0
experiment/density,experiment/static_relative_permittivity,il,il,100579,65,0,True,True,100579,-0.32426689970423384,,0.0,0.15536386656646636,0.33769081675298523,0.5477225575051661,0.9797958971132712,1.0,1.0,0.20245712647064334,0.4385605494398784,0.7623810662368733,0.9064173747208719,0.9608195085789193,0.9993103128667161,1.0,0.10814363661850701,0.3652945407685868,0.48831846653625455,0.6361405421050421,0.849401884214207,0.9882458525736757,1.0
experiment/density,experiment/surface_tension,il,il,100579,10142,0,True,True,100579,0.060912673919218445,,0.0,0.3735436838188142,0.7337993857053428,1.0,1.0,1.0,1.0,0.3971654762382232,0.6324125420155302,0.7306927035261512,0.7491887021646976,0.75,0.75,0.75,0.20355585911322702,0.4768171830894659,0.7297777804927179,0.9221291427761148,0.9249999999999999,0.9249999999999999,0.9249999999999999
experiment/density,experiment/thermal_conductivity,il,il,100579,1540,0,True,True,100579,-0.5304261350758878,,0.0,0.18257418583505536,0.4472135954999579,0.7416198487095663,1.0,1.0,1.0,0.27078440182866004,0.6011038590585122,0.9286935353592649,0.9823347689185622,0.9982977949152492,1.0,1.0,0.20015218326490014,0.4170330350872203,0.6001779599441968,0.79282232873052,0.9582707092472693,0.9998782559193006,1.0
experiment/density,experiment/thermal_decomposition_temperature,il,il,100579,2775,0,True,True,100579,0.48194461757173335,,0.0,0.3779644730092272,0.6546536707079771,0.9198662110077999,1.0,1.0,1.0,0.5,0.5,0.5,0.5,0.5,0.5,0.5,0.15,0.41457513110645905,0.608257569495584,0.7939063477054599,0.85,0.85,0.85
experiment/density,experiment/transfer,il,il_solute,100579,3079,0,False,False,0,,incompatible_topology,,,,,,,,,,,,,,,,,,,,,
experiment/density,experiment/transfer_organic,il,solute_solvent,100579,1914,0,False,False,0,,incompatible_topology,,,,,,,,,,,,,,,,,,,,,
experiment/density,experiment/viscosity,il,il,100579,39941,0,True,True,100579,-0.15810010892582024,,0.16222142113076254,0.5683985600588051,1.0,1.0,1.0,1.0,1.0,0.2871524420146915,0.6280159246655805,0.9785471124116044,0.9984395050381961,1.0,1.0,1.0,0.41254330941448975,0.6901762805589808,0.9460707448936281,0.9993492724494766,1.0,1.0,1.0
experiment/density,experiment/x_co2,il,il,100579,9536,0,True,True,100579,-0.021480174920339178,,0.0,0.12869789041755736,0.4026936331284146,0.7071067811865476,1.0,1.0,1.0,0.34447539630403373,0.6955637807025727,0.820992498746682,0.9409866811708302,0.979869969600407,0.998806359407616,1.0,0.19085077910649548,0.3777662461753427,0.547759613163461,0.7698636058940004,0.9577935441693314,0.9973490700862684,1.0
experiment/dynamic_relative_permittivity,experiment/density,il,il,882,100579,0,True,True,882,0.0801875603693658,,0.693888666488711,1.0,1.0,1.0,1.0,1.0,1.0,0.8200717382489389,0.8201497130681125,0.8333333333333334,0.8333333333333334,0.8333333333333334,0.8333333333333334,0.8333333333333334,0.7318606072473279,0.9460215214746817,0.95,0.95,0.95,0.95,0.95
experiment/dynamic_relative_permittivity,experiment/dynamic_relative_permittivity,il,il,882,882,0,True,False,0,,same_task_skipped,,,,,,,,,,,,,,,,,,,,,
experiment/dynamic_relative_permittivity,experiment/electrical_conductivity,il,il,882,9464,0,True,True,882,0.576256988380888,,0.4236592728681617,0.609449400220044,1.0,1.0,1.0,1.0,1.0,0.6541906854959033,0.8200717382489389,0.8329080682700853,0.8333333333333334,0.8333333333333334,0.8333333333333334,0.8333333333333334,0.49281869665648415,0.6766145801540309,0.9485891231676143,0.95,0.95,0.95,0.95
experiment/dynamic_relative_permittivity,experiment/equilibrium_pressure,il,il,882,2029,0,True,True,882,0.24762504332459573,,0.20026720118795727,0.2711630722733202,0.48507125007266594,0.7071067811865476,1.0,1.0,1.0,0.4139021613984339,0.427985052963827,0.46570629163319305,0.48007309543590776,0.5121229466377234,0.5549911269211868,0.5706366379997104,0.2998871626688511,0.35076982869439244,0.49400737373930526,0.6394638072430201,0.8397118874899578,0.8477764637648917,0.8711909913999131
experiment/dynamic_relative_permittivity,experiment/glass_transition_temperature,il,il,882,793,0,True,True,882,-0.20713478774476393,,0.33541019662496846,0.408248290463863,0.6416889479197478,0.9229582069908973,1.0,1.0,1.0,0.5,0.5,0.5,0.5,0.5,0.5,0.5,0.3847871376374779,0.43577380332470406,0.5991822635438234,0.7960707448936281,0.85,0.85,0.85
experiment/dynamic_relative_permittivity,experiment/heat_capacity,il,il,882,15215,0,True,True,882,-0.5280793610882254,,0.4385290096535146,0.5,0.8246211251235321,1.0,1.0,1.0,1.0,0.630494742859932,0.7313108441811725,0.8329276020844842,0.8333333333333334,0.8333333333333334,0.8333333333333334,0.8333333333333334,0.5391484228579796,0.5959675433564762,0.7991251783869153,0.9498782806253452,0.95,0.95,0.95
experiment/dynamic_relative_permittivity,experiment/isobaric_coefficient_of_volume_expansion,il,il,882,894,0,True,True,882,-0.25142066685755693,,0.0,0.11664236870396086,0.25482359571881275,0.44083101502238703,0.7071067811865476,1.0,1.0,0.6311541587360465,0.6311541587360465,0.6311541587360465,0.8196821489306956,0.8333333333333334,0.8333333333333334,0.8333333333333334,0.25,0.3275543027719813,0.4201800038853979,0.5579589415448418,0.708911124115512,0.8893462476208139,0.95
experiment/dynamic_relative_permittivity,experiment/melting_point,il,il,882,4688,0,True,True,882,-0.210000556579753,,0.4662524041201569,0.609449400220044,0.8717797887081347,1.0,1.0,1.0,1.0,0.5,0.5,0.5,0.5,0.5,0.5,0.5,0.47637668288410984,0.5766145801540308,0.7602458520956943,0.85,0.85,0.85,0.85
experiment/dynamic_relative_permittivity,experiment/pec50,il,il,882,330,0,True,True,882,-0.39114438824780556,,0.19738550848793068,0.3,0.6416889479197478,0.7844645405527362,1.0,1.0,1.0,0.5,0.5,0.5,0.5,0.5,0.5,0.5,0.2881698559415514,0.36,0.5991822635438234,0.6991251783869153,0.85,0.85,0.85
experiment/dynamic_relative_permittivity,experiment/refractive_index,il,il,882,10764,0,True,True,882,0.0807960238149438,,0.4140393356054125,0.5,1.0,1.0,1.0,1.0,1.0,0.7392735562058022,0.7403463517630756,0.75,0.75,0.75,0.75,0.75,0.5116096017855294,0.575,0.924817532055064,0.9249999999999999,0.9249999999999999,0.9249999999999999,0.9249999999999999
experiment/dynamic_relative_permittivity,experiment/self_diffusion_coefficient,il,il,882,382,0,True,True,882,0.13864172357340548,,0.0,0.09622504486493763,0.3872983346207417,0.5303300858899106,0.8997354108424374,1.0,1.0,0.7791447431441,0.8200717382489389,0.8204618023507675,0.8204618023507675,0.8322930033587973,0.8330791102279319,0.8331980346739657,0.2499594104021897,0.31349607211068653,0.5172473749397494,0.6175258483346218,0.8759533282949363,0.9496879010076391,0.9499237330683795
experiment/dynamic_relative_permittivity,experiment/solvation,il,il_solute,882,23783,0,False,False,0,,incompatible_topology,,,,,,,,,,,,,,,,,,,,,
experiment/dynamic_relative_permittivity,experiment/speed_of_sound,il,il,882,6819,0,True,True,882,0.4024798466604611,,0.31622776601683794,0.4140393356054125,0.752772652709081,1.0,1.0,1.0,1.0,0.8073377528770918,0.8200717382489389,0.8333333333333334,0.8333333333333334,0.8333333333333334,0.8333333333333334,0.8333333333333334,0.47135943621178655,0.5395154359314279,0.7769408568963566,0.95,0.95,0.95,0.95
experiment/dynamic_relative_permittivity,experiment/static_relative_permittivity,il,il,882,65,0,True,True,882,0.13737296025405932,,0.0,0.1889822365046136,0.375,0.7071067811865476,1.0,1.0,1.0,0.8331980346739657,0.8331980346739657,0.8331980346739657,0.8331980346739657,0.8333333333333334,0.8333333333333334,0.8333333333333334,0.25,0.38224697595541923,0.5124594104021897,0.744934157232773,0.9499594104021897,0.95,0.95
experiment/dynamic_relative_permittivity,experiment/surface_tension,il,il,882,10142,0,True,True,882,0.5201741724491521,,0.3077935056255462,0.4472135954999579,1.0,1.0,1.0,1.0,1.0,0.6174169744503791,0.6534050715822722,0.6665313680072987,0.6666666666666666,0.6666666666666666,0.6666666666666666,0.6666666666666666,0.4121419727999181,0.5098145728639278,0.8979110399136134,0.8999999999999999,0.8999999999999999,0.8999999999999999,0.8999999999999999
experiment/dynamic_relative_permittivity,experiment/thermal_conductivity,il,il,882,1540,0,True,True,882,0.4422451611903411,,0.0,0.30151134457776363,0.609449400220044,1.0,1.0,1.0,1.0,0.7951103863786807,0.8200717382489389,0.8217718598939491,0.8283636851772257,0.8333333333333334,0.8333333333333334,0.8333333333333334,0.25,0.46086191046171276,0.6726361016287125,0.9461385407052302,0.9496473114098288,0.95,0.95
experiment/dynamic_relative_permittivity,experiment/thermal_decomposition_temperature,il,il,882,2775,0,True,True,882,-0.12637216680439697,,0.4913036844405175,0.5270462766947299,0.8790490729915326,1.0,1.0,1.0,1.0,0.5,0.5,0.5,0.5,0.5,0.5,0.5,0.49391257910836217,0.5189323936863109,0.7653343510940728,0.85,0.85,0.85,0.85
experiment/dynamic_relative_permittivity,experiment/transfer,il,il_solute,882,3079,0,False,False,0,,incompatible_topology,,,,,,,,,,,,,,,,,,,,,
experiment/dynamic_relative_permittivity,experiment/transfer_organic,il,solute_solvent,882,1914,0,False,False,0,,incompatible_topology,,,,,,,,,,,,,,,,,,,,,
experiment/dynamic_relative_permittivity,experiment/viscosity,il,il,882,39941,0,True,True,882,-0.5100529088956159,,0.6582805886043833,0.8246211251235321,1.0,1.0,1.0,1.0,1.0,0.8200717382489389,0.8202017068339247,0.8333333333333334,0.8333333333333334,0.8333333333333334,0.8333333333333334,0.8333333333333334,0.7107964120230683,0.8233733282917027,0.95,0.95,0.95,0.95,0.95
experiment/dynamic_relative_permittivity,experiment/x_co2,il,il,882,9536,0,True,True,882,-0.22702986890802632,,0.0,0.253546276418555,0.5270462766947299,1.0,1.0,1.0,1.0,0.4546579364729695,0.6341641325802743,0.6855929789669908,0.7939911207805533,0.8319997739608255,0.832472854348123,0.8330791102279319,0.24992373306837956,0.37945169845346355,0.5682924471812075,0.9025976396613866,0.938244679791986,0.9496879010076391,0.9496879010076391
experiment/electrical_conductivity,experiment/density,il,il,9464,100579,0,True,True,9464,0.20940161150340802,,0.21004201260420147,1.0,1.0,1.0,1.0,1.0,1.0,0.37837304027838714,0.8170454531895744,0.996792951033617,1.0,1.0,1.0,1.0,0.41370422388197897,0.8957734079766736,0.9987266040260145,1.0,1.0,1.0,1.0
experiment/electrical_conductivity,experiment/dynamic_relative_permittivity,il,il,9464,882,0,True,True,9464,0.20128847576903564,,0.0,0.2041241452319315,0.4629100498862757,0.6846531968814576,1.0,1.0,1.0,0.3754974327465576,0.5629131792418608,0.7303315632286769,0.7720956890009419,0.8073377528770918,0.8331980346739657,0.8333333333333334,0.1609018688695101,0.37820513801922984,0.5343241930386121,0.7054928135049033,0.8905407843042941,0.9457094224823208,0.95
experiment/electrical_conductivity,experiment/electrical_conductivity,il,il,9464,9464,0,True,False,0,,same_task_skipped,,,,,,,,,,,,,,,,,,,,,
experiment/electrical_conductivity,experiment/equilibrium_pressure,il,il,9464,2029,0,True,True,9464,0.042689701770427115,,0.0,0.1767766952966369,0.4330127018922193,0.6454972243679028,1.0,1.0,1.0,0.2994688565510484,0.3564755904531494,0.4627861301116548,0.528956200072626,0.6011437922049444,0.7399628093990165,0.75,0.19252396732478974,0.29674065862742594,0.45257179581627627,0.6143550228829059,0.8277449795251145,0.8817864870998696,0.9249999999999999
experiment/electrical_conductivity,experiment/glass_transition_temperature,il,il,9464,793,0,True,True,9464,-0.30215699413021113,,0.0,0.3642156795423418,0.5773502691896257,0.8171280558456923,1.0,1.0,1.0,0.5,0.5,0.5,0.5,0.5,0.5,0.5,0.15,0.4049509756796392,0.554145188432738,0.7219896390919845,0.85,0.85,0.85
experiment/electrical_conductivity,experiment/heat_capacity,il,il,9464,15215,0,True,True,9464,-0.23186276119848204,,0.0,0.3084231693103158,0.568796458994521,1.0,1.0,1.0,1.0,0.3169717024138013,0.6801526901884175,0.9806927035261515,0.9993386543074203,0.9999594038105225,1.0,1.0,0.2862953738679798,0.5129059472784601,0.6966801175977064,0.9114429996377249,0.9998174209380178,1.0,1.0
experiment/electrical_conductivity,experiment/isobaric_coefficient_of_volume_expansion,il,il,9464,894,0,True,True,9464,-0.194380272194525,,0.0,0.14142135623730953,0.3153281119434456,0.46499055497527714,0.6846531968814576,1.0,1.0,0.3122968130366711,0.5414510355947866,0.6774239416302211,0.8060597185673863,0.9250542245459312,0.9973378099433643,1.0,0.16635280330426513,0.3402691122677461,0.46764725219004644,0.5706817325043299,0.6982019293196496,0.9089743591675686,0.9999760121768585
experiment/electrical_conductivity,experiment/melting_point,il,il,9464,4688,0,True,True,9464,-0.13566373008157648,,0.2404644032943352,0.4472135954999579,0.7559289460184544,1.0,1.0,1.0,1.0,0.5,0.5,0.5,0.5,0.5,0.5,0.5,0.3183250823060346,0.46304951684997053,0.6791502622129181,0.85,0.85,0.85,0.85
experiment/electrical_conductivity,experiment/pec50,il,il,9464,330,0,True,True,9464,-0.17714828057167736,,0.0,0.2626128657194451,0.47188140965429853,0.7427813527082074,1.0,1.0,1.0,0.5,0.5,0.5,0.5,0.5,0.5,0.5,0.15,0.33382900600361154,0.48031698675800893,0.6699469468957452,0.85,0.85,0.85
experiment/electrical_conductivity,experiment/refractive_index,il,il,9464,10764,0,True,True,9464,-0.2242052668640077,,0.0,0.3779644730092272,0.7071067811865476,1.0,1.0,1.0,1.0,0.3953554774713277,0.588877712128342,0.7978486587534612,0.8322930033587973,0.8333333333333334,0.8333333333333334,0.8333333333333334,0.21777835536773113,0.509758181909485,0.7312919776599894,0.9303138322159117,0.9499594104021897,0.95,0.95
experiment/electrical_conductivity,experiment/self_diffusion_coefficient,il,il,9464,382,0,True,True,9464,0.5207668869630513,,0.0,0.1405456737852613,0.3396831102433787,0.5590169943749475,0.9198662110077999,1.0,1.0,0.3224072827684456,0.6127850350470331,0.9610066293156375,0.9806927035261512,0.9984395050381961,1.0,1.0,0.19398148022340256,0.3859018649241452,0.5081131006100101,0.6794457221206662,0.9320623753775908,0.9998174209380178,1.0
experiment/electrical_conductivity,experiment/solvation,il,il_solute,9464,23783,0,False,False,0,,incompatible_topology,,,,,,,,,,,,,,,,,,,,,
experiment/electrical_conductivity,experiment/speed_of_sound,il,il,9464,6819,0,True,True,9464,-0.18299751493551145,,0.0,0.28867513459481287,0.5345224838248488,0.762000762001143,1.0,1.0,1.0,0.3226747068941275,0.7506827076911334,0.9608195085789192,0.9984395050381961,0.9999594038105225,1.0,1.0,0.17959700779976345,0.4979898987322333,0.6552615059084896,0.8151860505357911,0.9976437293247906,1.0,1.0
experiment/electrical_conductivity,experiment/static_relative_permittivity,il,il,9464,65,0,True,True,9464,-0.07159214017823806,,0.0,0.18257418583505536,0.40967324519935133,0.5848976518656018,0.9797958971132712,1.0,1.0,0.31324614911983634,0.5960890807375617,0.8468254340597414,0.9083092645897322,0.961193826034751,0.9997970520109484,1.0,0.17262786337306169,0.40164830770451726,0.5397646572636253,0.6797831843089446,0.908216413533173,0.9916777202430239,1.0
experiment/electrical_conductivity,experiment/surface_tension,il,il,9464,10142,0,True,True,9464,0.08463086630822564,,0.0,0.3713906763541037,0.693888666488711,1.0,1.0,1.0,1.0,0.37457950628471515,0.5707385026032595,0.7191251106702391,0.7493103128667161,0.75,0.75,0.75,0.20366028329931232,0.47667618810976775,0.7032692890722576,0.9133019887946912,0.9249999999999999,0.9249999999999999,0.9249999999999999
experiment/electrical_conductivity,experiment/thermal_conductivity,il,il,9464,1540,0,True,True,9464,-0.11864146393002441,,0.0,0.21320071635561041,0.4879500364742666,0.7559289460184544,1.0,1.0,1.0,0.3427199743881346,0.7305294098776531,0.9739060183579011,0.9869925021841,0.9991887021646976,1.0,1.0,0.2009318888022041,0.4437188921809694,0.6356490617896058,0.8137512747839609,0.9884705342630773,0.9998855996025693,1.0
experiment/electrical_conductivity,experiment/thermal_decomposition_temperature,il,il,9464,2775,0,True,True,9464,0.0802918704047099,,0.0,0.38592249249397986,0.6846531968814576,0.9198662110077999,1.0,1.0,1.0,0.5,0.5,0.5,0.5,0.5,0.5,0.5,0.15,0.4201457447457859,0.6292572378170204,0.7939063477054599,0.85,0.85,0.85
experiment/electrical_conductivity,experiment/transfer,il,il_solute,9464,3079,0,False,False,0,,incompatible_topology,,,,,,,,,,,,,,,,,,,,,
experiment/electrical_conductivity,experiment/transfer_organic,il,solute_solvent,9464,1914,0,False,False,0,,incompatible_topology,,,,,,,,,,,,,,,,,,,,,
experiment/electrical_conductivity,experiment/viscosity,il,il,9464,39941,0,True,True,9464,-0.7844811194296989,,0.21004201260420147,0.8366600265340756,1.0,1.0,1.0,1.0,1.0,0.5622127298008993,0.8471071556702161,0.9979915953121797,1.0,1.0,1.0,1.0,0.4351630573017362,0.8696898646300869,0.9990288095705178,1.0,1.0,1.0,1.0
experiment/electrical_conductivity,experiment/x_co2,il,il,9464,9536,0,True,True,9464,-0.27201020658729175,,0.0,0.1767766952966369,0.4140393356054125,0.7071067811865476,1.0,1.0,1.0,0.4353520342875098,0.6610937264557291,0.8309680443970835,0.9421214967009874,0.9797262727153062,0.9985578193919091,1.0,0.1914876562116686,0.40477179690274584,0.5652318699472572,0.7777107083993966,0.9497375249182054,0.996412960471743,1.0
experiment/equilibrium_pressure,experiment/density,il,il,2029,100579,0,True,True,2029,0.12551900093966278,,0.6666666666666666,0.7844645405527362,1.0,1.0,1.0,1.0,1.0,0.30281027793079895,0.4262539259114544,0.5181844199565852,0.6420329355099114,0.7301855790269299,0.7482411550524448,0.7499594038105225,0.6437477868872217,0.7639989663716804,0.8473957572308298,0.8837111583736977,0.9178559376269939,0.9242104275698755,0.9249878211431567
experiment/equilibrium_pressure,experiment/dynamic_relative_permittivity,il,il,2029,882,0,True,True,2029,0.14242744393545534,,0.0,0.0,0.5388159060803247,0.816496580927726,1.0,1.0,1.0,0.3418354606508598,0.3939568799590911,0.4185033681543852,0.44377371343354494,0.46758973644530033,0.514973354205692,0.6283239355930862,0.12401415307006733,0.13914092164123212,0.5242477693868695,0.6983139759965655,0.8261810421354696,0.8391719526733236,0.8711909913999131
experiment/equilibrium_pressure,experiment/electrical_conductivity,il,il,2029,9464,0,True,True,2029,0.20708970534990284,,0.43994134506405985,0.5388159060803247,0.9198662110077999,1.0,1.0,1.0,1.0,0.27944437665120253,0.40663533126686596,0.517879737350842,0.6063598151082767,0.7313175920425155,0.7483625349161673,0.75,0.5228247293156769,0.548406472246959,0.8007711979866334,0.8601398721993467,0.8891013472280118,0.9235407506262039,0.9249999999999999
experiment/equilibrium_pressure,experiment/equilibrium_pressure,il,il,2029,2029,0,True,False,0,,same_task_skipped,,,,,,,,,,,,,,,,,,,,,
experiment/equilibrium_pressure,experiment/glass_transition_temperature,il,il,2029,793,0,True,True,2029,-0.36932047126913126,,0.40508686928732235,0.48038446141526137,0.7171371656006361,1.0,1.0,1.0,1.0,0.5,0.5,0.5,0.5,0.5,0.5,0.5,0.43356080850112566,0.4862691229906829,0.6519960159204453,0.85,0.85,0.85,0.85
experiment/equilibrium_pressure,experiment/heat_capacity,il,il,2029,15215,0,True,True,2029,0.045844630506737837,,0.454858826147342,0.5222329678670935,0.8246211251235321,1.0,1.0,1.0,1.0,0.3057627972986732,0.37496149324572364,0.5524038215703477,0.6594380221058065,0.74086870076217,0.7497564722993006,0.75,0.5046234802418412,0.5877639152461915,0.7683564094474981,0.8606738398455421,0.9170347577218684,0.9248417519668486,0.9249999999999999
experiment/equilibrium_pressure,experiment/isobaric_coefficient_of_volume_expansion,il,il,2029,894,0,True,True,2029,0.16878542250010894,,0.0,0.0,0.30151134457776363,0.5423261445466404,1.0,1.0,1.0,0.26913960769317075,0.3616909780777042,0.41578167269011757,0.460240106880061,0.5406558124860346,0.6449918412692502,0.7494319531951323,0.13098945580289736,0.1526544173624718,0.374862324905348,0.5466972023582953,0.8143194225584603,0.8503586469689663,0.9227636583297515
experiment/equilibrium_pressure,experiment/melting_point,il,il,2029,4688,0,True,True,2029,-0.12096854372119895,,0.6014167670256413,0.6236095644623235,0.9198662110077999,1.0,1.0,1.0,1.0,0.5,0.5,0.5,0.5,0.5,0.5,0.5,0.5709917369179489,0.5865266951236264,0.7939063477054599,0.85,0.85,0.85,0.85
experiment/equilibrium_pressure,experiment/pec50,il,il,2029,330,0,True,True,2029,0.19505322414812895,,0.2626128657194451,0.5547001962252291,0.7844645405527362,0.9198662110077999,1.0,1.0,1.0,0.5,0.5,0.5,0.5,0.5,0.5,0.5,0.33382900600361154,0.5382901373576604,0.6991251783869153,0.7939063477054599,0.85,0.85,0.85
experiment/equilibrium_pressure,experiment/refractive_index,il,il,2029,10764,0,True,True,2029,-0.2032489256977346,,0.3287979746107146,0.508000508000762,0.8717797887081347,1.0,1.0,1.0,1.0,0.3483367830099195,0.41173646628741944,0.4532221345218683,0.49150572045436575,0.5280659887961842,0.5892955138156337,0.6666666666666666,0.39032587203992997,0.50992801164297,0.7488564464350032,0.8365673501485524,0.8532982609425002,0.8711620966702477,0.8999999999999999
experiment/equilibrium_pressure,experiment/self_diffusion_coefficient,il,il,2029,382,0,True,True,2029,0.31284949696411857,,0.0,0.2631174057921088,0.5547001962252291,0.816496580927726,1.0,1.0,1.0,0.27562730389677753,0.39796345808053707,0.45640057622463076,0.5260047696903367,0.6144359964799722,0.7321076756377572,0.75,0.1829108728841334,0.3463301079544776,0.5853956964128635,0.7290551433632241,0.827200470906487,0.8706408323385789,0.9249999999999999
experiment/equilibrium_pressure,experiment/solvation,il,il_solute,2029,23783,0,False,False,0,,incompatible_topology,,,,,,,,,,,,,,,,,,,,,
experiment/equilibrium_pressure,experiment/speed_of_sound,il,il,2029,6819,0,True,True,2029,-0.332982525122262,,0.2773500981126146,0.4803844614152614,0.6172133998483676,0.9428090415820634,1.0,1.0,1.0,0.2683781425112678,0.37293200156906514,0.4203805799524296,0.46312761486146586,0.5273977172954374,0.6423004152628079,0.7425455277658386,0.3497939025964734,0.491898240799687,0.5750851096202956,0.7843441040283893,0.8340285820631692,0.8637671852870369,0.9227636583297515
experiment/equilibrium_pressure,experiment/static_relative_permittivity,il,il,2029,65,0,True,True,2029,0.1021787306713173,,0.0,0.0,0.508000508000762,0.7171371656006361,1.0,1.0,1.0,0.26275319097628974,0.340898409658006,0.3783685368271601,0.4223983889578973,0.46262635906281535,0.5284945220032404,0.6924859033896293,0.12662302059382116,0.14659840239948568,0.4819514077052215,0.6465058793671705,0.8097852809307438,0.8319329045227326,0.8817864870998696
experiment/equilibrium_pressure,experiment/surface_tension,il,il,2029,10142,0,True,True,2029,-0.3945951468896366,,0.4423258684646914,0.7171371656006361,1.0,1.0,1.0,1.0,1.0,0.17059860745119346,0.3064275109491161,0.5244824947795809,0.6806513243839076,0.9331598952245423,0.9923644292637348,1.0,0.5977628496865851,0.7364948572594737,0.8360272729726452,0.8798727615540891,0.9408632557240224,0.9953162322633234,1.0
experiment/equilibrium_pressure,experiment/thermal_conductivity,il,il,2029,1540,0,True,True,2029,-0.12193902929135793,,0.0,0.0,0.6793662204867574,0.9198662110077999,1.0,1.0,1.0,0.2787241509461858,0.39865468770187207,0.46324878457700197,0.5282097493387966,0.6259167432417436,0.7382531434227748,0.7499594038105225,0.1911955904174543,0.2203504347941898,0.6577804921591492,0.8060535455433941,0.8498707059671564,0.8858863947320075,0.9248174209380178
experiment/equilibrium_pressure,experiment/thermal_decomposition_temperature,il,il,2029,2775,0,True,True,2029,0.36182915766513885,,0.5222329678670935,0.5222329678670935,0.8563488385776752,1.0,1.0,1.0,1.0,0.5,0.5,0.5,0.5,0.5,0.5,0.5,0.5155630775069654,0.5155630775069654,0.7494441870043727,0.85,0.85,0.85,0.85
experiment/equilibrium_pressure,experiment/transfer,il,il_solute,2029,3079,0,False,False,0,,incompatible_topology,,,,,,,,,,,,,,,,,,,,,
experiment/equilibrium_pressure,experiment/transfer_organic,il,solute_solvent,2029,1914,0,False,False,0,,incompatible_topology,,,,,,,,,,,,,,,,,,,,,
experiment/equilibrium_pressure,experiment/viscosity,il,il,2029,39941,0,True,True,2029,-0.39161478904723684,,0.6666666666666666,0.7844645405527362,1.0,1.0,1.0,1.0,1.0,0.3029089932996574,0.4118814348512775,0.5072430857047576,0.5880398365371985,0.6597040652760445,0.7473600186787765,0.75,0.6437477868872217,0.7263240025916455,0.8364144566561487,0.8704980801473984,0.8915262703458685,0.92253827278762,0.9249999999999999
experiment/equilibrium_pressure,experiment/x_co2,il,il,2029,9536,0,True,True,2029,-0.037553238266552075,,0.0,0.0,0.508000508000762,0.9660917830792959,1.0,1.0,1.0,0.2948944634678617,0.4110645264937513,0.5278485531548702,0.6074320152802923,0.7303415603248807,0.748459659702972,0.75,0.20180385478271431,0.2234298320872171,0.5389678102923859,0.818122206317846,0.8710327684525545,0.9078492839318697,0.924963466395881
experiment/glass_transition_temperature,experiment/density,il,il,793,100579,0,True,True,793,-0.01109556495025038,,0.16081688022566923,0.38210685277515627,0.6294366339755545,0.8043996665398437,1.0,1.0,1.0,0.5,0.5,0.5,0.5,0.5,0.5,0.5,0.26257181615796843,0.41747479694260936,0.5906056437828882,0.7130797665778906,0.85,0.85,0.85
experiment/glass_transition_temperature,experiment/dynamic_relative_permittivity,il,il,793,882,0,True,True,793,0.1129631262415166,,0.0,0.08399737304382322,0.23904572186687872,0.4236592728681617,0.5838742081211422,0.9740038589325074,1.0,0.5,0.5,0.5,0.5,0.5,0.5,0.5,0.15,0.20879816113067626,0.3173320053068151,0.44656149100771314,0.5587119456847995,0.8318027012527551,0.85
experiment/glass_transition_temperature,experiment/electrical_conductivity,il,il,793,9464,0,True,True,793,-0.08109273523137782,,0.0,0.23425011048945846,0.4034732923929645,0.563092506371473,0.753370803500884,1.0,1.0,0.5,0.5,0.5,0.5,0.5,0.5,0.5,0.15,0.31397507734262087,0.43243130467507507,0.5441647544600311,0.6773595624506188,0.85,0.85
experiment/glass_transition_temperature,experiment/equilibrium_pressure,il,il,793,2029,0,True,True,793,-0.017534224414413466,,0.0,0.12153679934128875,0.22360679774997896,0.4026936331284146,0.6009252125773316,1.0,1.0,0.5,0.5,0.5,0.5,0.5,0.5,0.5,0.15,0.2350757595389021,0.3065247584249853,0.43188554318989025,0.5706476488041321,0.85,0.85
experiment/glass_transition_temperature,experiment/glass_transition_temperature,il,il,793,793,0,True,False,0,,same_task_skipped,,,,,,,,,,,,,,,,,,,,,
experiment/glass_transition_temperature,experiment/heat_capacity,il,il,793,15215,0,True,True,793,0.03170491662042921,,0.0,0.1739513982591103,0.3429971702850177,0.5033222956847166,0.7008766440504623,1.0,1.0,0.5,0.5,0.5,0.5,0.5,0.5,0.5,0.15,0.2717659787813772,0.39009801919951237,0.5023256069793016,0.6406136508353236,0.85,0.85
experiment/glass_transition_temperature,experiment/isobaric_coefficient_of_volume_expansion,il,il,793,894,0,True,True,793,0.2147381663920794,,0.0,0.09604736422881692,0.22568514811147514,0.36689969285267143,0.5053889162381252,0.7605330199881071,1.0,0.5,0.5,0.5,0.5,0.5,0.5,0.5,0.15,0.21723315496017181,0.30797960367803257,0.40682978499686995,0.5037722413666876,0.682373113991675,0.85
experiment/glass_transition_temperature,experiment/melting_point,il,il,793,4688,0,True,True,793,0.35470098954088636,,0.19522428815602172,0.42654937352938893,0.5863019699779287,0.777593185920953,1.0,1.0,1.0,0.5,0.5,0.5,0.5,0.5,0.5,0.5,0.28665700170921515,0.44858456147057224,0.5604113789845501,0.694315230144667,0.85,0.85,0.85
experiment/glass_transition_temperature,experiment/pec50,il,il,793,330,0,True,True,793,-0.1736986609350948,,0.0,0.17275419528141558,0.29277002188455997,0.4629100498862757,0.6324555320336759,1.0,1.0,0.5,0.5,0.5,0.5,0.5,0.5,0.5,0.15,0.2709279366969909,0.354939015319192,0.47403703492039295,0.5927188724235731,0.85,0.85
experiment/glass_transition_temperature,experiment/refractive_index,il,il,793,10764,0,True,True,793,0.3405621720446457,,0.1,0.23180485880027546,0.4264014327112209,0.5956833971812705,0.8032193289024988,1.0,1.0,0.5,0.5,0.5,0.5,0.5,0.5,0.5,0.21999999999999997,0.3122634011601928,0.44848100289785464,0.5669783780268893,0.7122535302317492,0.85,0.85
experiment/glass_transition_temperature,experiment/self_diffusion_coefficient,il,il,793,382,0,True,True,793,-0.06953990005841694,,0.0,0.06487712709762425,0.1560469459830898,0.3227486121839514,0.5443310539518174,0.8683271577539169,1.0,0.5,0.5,0.5,0.5,0.5,0.5,0.5,0.15,0.19541398896833695,0.2592328621881628,0.37592402852876594,0.5310317377662721,0.7578290104277419,0.85
experiment/glass_transition_temperature,experiment/solvation,il,il_solute,793,23783,0,False,False,0,,incompatible_topology,,,,,,,,,,,,,,,,,,,,,
experiment/glass_transition_temperature,experiment/speed_of_sound,il,il,793,6819,0,True,True,793,0.19530076719567263,,0.0,0.17541160386140583,0.3110855084191276,0.4898979485566356,0.6523802572120037,1.0,1.0,0.5,0.5,0.5,0.5,0.5,0.5,0.5,0.15,0.2727881227029841,0.3677598558933893,0.4929285639896449,0.6066661800484026,0.85,0.85
experiment/glass_transition_temperature,experiment/static_relative_permittivity,il,il,793,65,0,True,True,793,0.1437198142705686,,0.0,0.10400879798603883,0.20628424925175867,0.37267799624996495,0.5563486402641868,0.9682458365518543,1.0,0.5,0.5,0.5,0.5,0.5,0.5,0.5,0.15,0.22280615859022718,0.2943989744762311,0.41087459737497545,0.5394440481849307,0.827772085586298,0.85
experiment/glass_transition_temperature,experiment/surface_tension,il,il,793,10142,0,True,True,793,0.07084219723206467,,0.08980265101338746,0.24581208349279382,0.41438770700537403,0.5855400437691199,0.8032193289024988,1.0,1.0,0.5,0.5,0.5,0.5,0.5,0.5,0.5,0.21286185570937122,0.3220684584449557,0.4400713949037618,0.5598780306383839,0.7122535302317492,0.85,0.85
experiment/glass_transition_temperature,experiment/thermal_conductivity,il,il,793,1540,0,True,True,793,0.133058621797685,,0.0,0.11419090361666229,0.28097574347450816,0.454858826147342,0.6009252125773316,1.0,1.0,0.5,0.5,0.5,0.5,0.5,0.5,0.5,0.15,0.2299336325316636,0.3466830204321557,0.46840117830313943,0.5706476488041321,0.85,0.85
experiment/glass_transition_temperature,experiment/thermal_decomposition_temperature,il,il,793,2775,0,True,True,793,-0.3096542121775745,,0.1403724812687193,0.43914944329525296,0.6546536707079771,1.0,1.0,1.0,1.0,0.5,0.5,0.5,0.5,0.5,0.5,0.5,0.2482607368881035,0.457404610306677,0.608257569495584,0.85,0.85,0.85,0.85
experiment/glass_transition_temperature,experiment/transfer,il,il_solute,793,3079,0,False,False,0,,incompatible_topology,,,,,,,,,,,,,,,,,,,,,
experiment/glass_transition_temperature,experiment/transfer_organic,il,solute_solvent,793,1914,0,False,False,0,,incompatible_topology,,,,,,,,,,,,,,,,,,,,,
experiment/glass_transition_temperature,experiment/viscosity,il,il,793,39941,0,True,True,793,0.31415643009490335,,0.11028219331407116,0.34421853591671336,0.5570860145311556,0.7313574508612273,1.0,1.0,1.0,0.5,0.5,0.5,0.5,0.5,0.5,0.5,0.22719753531984982,0.3909529751416993,0.5399602101718088,0.661950215602859,0.85,0.85,0.85
experiment/glass_transition_temperature,experiment/x_co2,il,il,793,9536,0,True,True,793,-0.0006581946062478141,,0.0,0.08795949674107655,0.25,0.4225771273642583,0.6201736729460423,1.0,1.0,0.5,0.5,0.5,0.5,0.5,0.5,0.5,0.15,0.21157164771875359,0.32499999999999996,0.44580398915498076,0.5841215710622296,0.85,0.85
experiment/heat_capacity,experiment/density,il,il,15215,100579,0,True,True,15215,0.058400198974079935,,0.37176791431459105,0.9198662110077999,1.0,1.0,1.0,1.0,1.0,0.5403643974226692,0.7883317566403779,0.9717990675617263,0.9961580421181772,1.0,1.0,1.0,0.5572257845539277,0.8819646574681058,0.9850286391732639,0.9987869960693132,1.0,1.0,1.0
experiment/heat_capacity,experiment/dynamic_relative_permittivity,il,il,15215,882,0,True,True,15215,-0.4207870457863676,,0.0,0.17149858514250885,0.565685424949238,0.9198662110077999,1.0,1.0,1.0,0.41664903258576774,0.5813121274027554,0.6888390486887721,0.7468347271818606,0.7927239193209218,0.8278429531719115,0.8333333333333334,0.18205770564706578,0.3544570883607743,0.6185422255806692,0.8156698467209491,0.9094751431540355,0.9437108189038366,0.95
experiment/heat_capacity,experiment/electrical_conductivity,il,il,15215,9464,0,True,True,15215,-0.0466455617077385,,0.21081851067789195,0.5222329678670935,0.8528028654224418,1.0,1.0,1.0,1.0,0.5174679885069055,0.794958954507479,0.9687443559680289,0.9925455277658386,0.9983787207377502,1.0,1.0,0.39845246309437654,0.636262893759268,0.8596992532991692,0.9941961024826016,0.998847412635453,1.0,1.0
experiment/heat_capacity,experiment/equilibrium_pressure,il,il,15215,2029,0,True,True,15215,0.1052753057380457,,0.0,0.21821789023599236,0.565685424949238,0.944911182523068,1.0,1.0,1.0,0.2791944143133082,0.37839980954589947,0.46556414563810616,0.5477502082727344,0.6451167294752462,0.7478529377222751,0.75,0.1833586560804049,0.341262813997571,0.5753166590739915,0.7971120446696388,0.853315466546035,0.9235214543756671,0.9249999999999999
experiment/heat_capacity,experiment/glass_transition_temperature,il,il,15215,793,0,True,True,15215,-0.07879978609166191,,0.126155140059354,0.43355498476206,0.6236095644623235,1.0,1.0,1.0,1.0,0.5,0.5,0.5,0.5,0.5,0.5,0.5,0.2383085980415478,0.453488489333442,0.5865266951236264,0.85,0.85,0.85,0.85
experiment/heat_capacity,experiment/heat_capacity,il,il,15215,15215,0,True,False,0,,same_task_skipped,,,,,,,,,,,,,,,,,,,,,
experiment/heat_capacity,experiment/isobaric_coefficient_of_volume_expansion,il,il,15215,894,0,True,True,15215,0.335911920097407,,0.0,0.17149858514250885,0.3779644730092272,0.5303300858899106,0.9198662110077999,1.0,1.0,0.23548974664340394,0.44338722935804586,0.6768388454774781,0.6901573886337413,0.8483777374807493,0.9801076073734083,1.0,0.20433241357542375,0.367610999498414,0.4682489993675353,0.5927772718172459,0.8290789471402615,0.9090193714312209,1.0
experiment/heat_capacity,experiment/melting_point,il,il,15215,4688,0,True,True,15215,0.2524443217291433,,0.3086066999241838,0.529150262212918,0.8717797887081347,1.0,1.0,1.0,1.0,0.5,0.5,0.5,0.5,0.5,0.5,0.5,0.36602468994692866,0.5204051835490426,0.7602458520956943,0.85,0.85,0.85,0.85
experiment/heat_capacity,experiment/pec50,il,il,15215,330,0,True,True,15215,0.6041514902794412,,0.0,0.330343736321705,0.6831300510639732,1.0,1.0,1.0,1.0,0.5,0.5,0.5,0.5,0.5,0.5,0.5,0.15,0.3812406154251935,0.6281910357447812,0.85,0.85,0.85,0.85
experiment/heat_capacity,experiment/refractive_index,il,il,15215,10764,0,True,True,15215,-0.17077002753083392,,0.21650635094610965,0.5,0.9428090415820634,1.0,1.0,1.0,1.0,0.47464667914376285,0.6161785899433648,0.7445406344788168,0.8245731092232916,0.8312515176212181,0.8333333333333334,0.8333333333333334,0.38003109308048094,0.5593002044382823,0.8726510654409699,0.9350108449091862,0.9491913307128754,0.95,0.95
experiment/heat_capacity,experiment/self_diffusion_coefficient,il,il,15215,382,0,True,True,15215,0.39053533780497346,,0.0,0.13793103448275862,0.5252257314388902,0.8366600265340756,1.0,1.0,1.0,0.5023355981208019,0.6795093608559598,0.9143206165658748,0.9806927035261512,0.9922256911208077,0.9993914031267263,1.0,0.25566523703268,0.3895933709181172,0.6566918493674747,0.8564613412895945,0.9644957702486432,0.9987869960693132,1.0
experiment/heat_capacity,experiment/solvation,il,il_solute,15215,23783,0,False,False,0,,incompatible_topology,,,,,,,,,,,,,,,,,,,,,
experiment/heat_capacity,experiment/speed_of_sound,il,il,15215,6819,0,True,True,15215,-0.7330732328094484,,0.1318760946791574,0.3808607948515377,0.7844645405527362,1.0,1.0,1.0,1.0,0.4750977048769096,0.6956595125291183,0.8903812063810908,0.9899528586371389,0.9981554009206125,1.0,1.0,0.3598849554759853,0.5499308753858771,0.8437164496527113,0.9707188151620774,0.9987869960693132,1.0,1.0
experiment/heat_capacity,experiment/static_relative_permittivity,il,il,15215,65,0,True,True,15215,-0.07768362234567829,,0.0,0.20851441405707477,0.5477225575051661,0.816496580927726,1.0,1.0,1.0,0.4620828683830136,0.6254432482419305,0.7856258540264401,0.8731191065573848,0.9424859033896296,0.9921457644159691,1.0,0.22518138683859246,0.4028302664552482,0.6332055997328513,0.8453967004620973,0.9461399446783885,0.9915581097160128,1.0
experiment/heat_capacity,experiment/surface_tension,il,il,15215,10142,0,True,True,15215,-0.7527517322240524,,0.26413527189768715,0.49441323247304414,0.9746794344808963,1.0,1.0,1.0,1.0,0.2758257467594101,0.5107570941410082,0.7019264669030514,0.7429856425151784,0.7491076448188978,0.75,0.75,0.372704603272232,0.5494807216920318,0.8293544774511101,0.9189738200879556,0.9244893384745746,0.9249999999999999,0.9249999999999999
experiment/heat_capacity,experiment/thermal_conductivity,il,il,15215,1540,0,True,True,15215,-0.6691598615663481,,0.0,0.26352313834736496,0.6282808624375432,1.0,1.0,1.0,1.0,0.5027674593776736,0.7200167584716102,0.9245368512018703,0.9848477564867517,0.9955541216520115,1.0,1.0,0.23972485899745985,0.4731673011685923,0.7338173961056818,0.9344239483106557,0.9953834826304296,0.9998174209380178,1.0
experiment/heat_capacity,experiment/thermal_decomposition_temperature,il,il,15215,2775,0,True,True,15215,-0.06682942399196977,,0.16628219864210797,0.51234753829798,0.8053872662568292,1.0,1.0,1.0,1.0,0.5,0.5,0.5,0.5,0.5,0.5,0.5,0.26639753904947555,0.5086432768085859,0.7137710863797805,0.85,0.85,0.85,0.85
experiment/heat_capacity,experiment/transfer,il,il_solute,15215,3079,0,False,False,0,,incompatible_topology,,,,,,,,,,,,,,,,,,,,,
experiment/heat_capacity,experiment/transfer_organic,il,solute_solvent,15215,1914,0,False,False,0,,incompatible_topology,,,,,,,,,,,,,,,,,,,,,
experiment/heat_capacity,experiment/viscosity,il,il,15215,39941,0,True,True,15215,-0.10524139423355351,,0.2735764515525319,0.7071067811865476,1.0,1.0,1.0,1.0,1.0,0.5327776075417464,0.7867901121202009,0.9640797285120928,0.9948303873302998,0.9994319531951321,1.0,1.0,0.4913209370247902,0.7699889234272789,0.9647889866521813,0.9978845716119011,0.9998174209380178,1.0,1.0
experiment/heat_capacity,experiment/x_co2,il,il,15215,9536,0,True,True,15215,0.02721528200329389,,0.0,0.17149858514250885,0.5570860145311556,1.0,1.0,1.0,1.0,0.4343245380944341,0.6724753027967738,0.8157970120278921,0.9406353611256618,0.9801076073734083,0.9973853964182873,1.0,0.2396104586000292,0.39674419171396197,0.6751462789463415,0.9061260817267986,0.9763279429846855,0.9972273316993804,1.0
experiment/isobaric_coefficient_of_volume_expansion,experiment/density,il,il,894,100579,0,True,True,894,0.37059399148916716,,1.0,1.0,1.0,1.0,1.0,1.0,1.0,0.5933629345782583,0.6312748122250693,0.9801076073734083,0.9892557108244986,1.0,1.0,1.0,0.8780088803734775,0.8893824436675207,0.9940322822120224,0.9967767132473495,1.0,1.0,1.0
experiment/isobaric_coefficient_of_volume_expansion,experiment/dynamic_relative_permittivity,il,il,894,882,0,True,True,894,0.029681995746869767,,0.0,0.3779644730092272,0.7844645405527362,1.0,1.0,1.0,1.0,0.4642784100552586,0.4741188083624124,0.5101835360657275,0.5391945677409747,0.5680641161598494,0.6051585782798049,0.8333333333333334,0.25,0.4272892507503702,0.7160004389360444,0.8559787051964215,0.866875260549129,0.8782179089848272,0.95
experiment/isobaric_coefficient_of_volume_expansion,experiment/electrical_conductivity,il,il,894,9464,0,True,True,894,-0.08028152773898169,,0.3592106040535498,0.9198662110077999,1.0,1.0,1.0,1.0,1.0,0.5559209067728709,0.6130523792157981,0.6280159246655805,0.6967312381040698,0.9586386436214538,0.9974291942088843,1.0,0.5478972026688609,0.8824370596116966,0.8870712240305335,0.9054592188549587,0.9809241399038081,0.9939963303802699,0.9999760121768585
experiment/isobaric_coefficient_of_volume_expansion,experiment/equilibrium_pressure,il,il,894,2029,0,True,True,894,0.17035940168324457,,0.17638342073763938,0.3779644730092272,0.7844645405527362,1.0,1.0,1.0,1.0,0.37818106040052873,0.4187970554229933,0.4577793856196283,0.501787590784404,0.5525941742315703,0.6360627313841228,0.7425455277658386,0.29412944822123965,0.4128996766423577,0.7024660843144137,0.8396062631717086,0.8600017246113202,0.8908188194152368,0.9227636583297515
experiment/isobaric_coefficient_of_volume_expansion,experiment/glass_transition_temperature,il,il,894,793,0,True,True,894,-0.2524750360255326,,0.3779644730092272,0.3779644730092272,1.0,1.0,1.0,1.0,1.0,0.5,0.5,0.5,0.5,0.5,0.5,0.5,0.41457513110645905,0.41457513110645905,0.85,0.85,0.85,0.85,0.85
experiment/isobaric_coefficient_of_volume_expansion,experiment/heat_capacity,il,il,894,15215,0,True,True,894,0.4231539017664628,,0.24643202904507208,0.3779644730092272,1.0,1.0,1.0,1.0,1.0,0.5383095517507812,0.612481216674079,0.6278129766765288,0.6967312381040698,0.9786115397377257,1.0,1.0,0.47231984126956833,0.5586074133184815,0.8857835419324235,0.8953501614554983,0.9893047196456639,1.0,1.0
experiment/isobaric_coefficient_of_volume_expansion,experiment/isobaric_coefficient_of_volume_expansion,il,il,894,894,0,True,False,0,,same_task_skipped,,,,,,,,,,,,,,,,,,,,,
experiment/isobaric_coefficient_of_volume_expansion,experiment/melting_point,il,il,894,4688,0,True,True,894,0.08938966094352838,,0.338501600193165,0.4264014327112209,1.0,1.0,1.0,1.0,1.0,0.5,0.5,0.5,0.5,0.5,0.5,0.5,0.3869511201352155,0.44848100289785464,0.85,0.85,0.85,0.85,0.85
experiment/isobaric_coefficient_of_volume_expansion,experiment/pec50,il,il,894,330,0,True,True,894,0.25647175941721273,,0.2282177322938192,0.3779644730092272,1.0,1.0,1.0,1.0,1.0,0.5,0.5,0.5,0.5,0.5,0.5,0.5,0.30975241260567343,0.41457513110645905,0.85,0.85,0.85,0.85,0.85
experiment/isobaric_coefficient_of_volume_expansion,experiment/refractive_index,il,il,894,10764,0,True,True,894,-0.11648627286425367,,1.0,1.0,1.0,1.0,1.0,1.0,1.0,0.5255397011671875,0.5645641861369985,0.5774357171195644,0.5853439497770537,0.600778136567774,0.6311541587360465,0.8333333333333334,0.8576619103501562,0.8693692558410995,0.8732307151358693,0.8756031849331161,0.8802334409703322,0.8893462476208139,0.95
experiment/isobaric_coefficient_of_volume_expansion,experiment/self_diffusion_coefficient,il,il,894,382,0,True,True,894,-0.04636449077733037,,0.0,0.3779644730092272,0.9198662110077999,1.0,1.0,1.0,1.0,0.44633123871993213,0.5754304432808791,0.5990046444931738,0.6087086281917319,0.6318599083778123,0.6774239416302211,1.0,0.2999391156032845,0.4471877195639786,0.8247742167532751,0.8788783549158264,0.8843290991775046,0.9029376987676573,0.9089743591675686
experiment/isobaric_coefficient_of_volume_expansion,experiment/solvation,il,il_solute,894,23783,0,False,False,0,,incompatible_topology,,,,,,,,,,,,,,,,,,,,,
experiment/isobaric_coefficient_of_volume_expansion,experiment/speed_of_sound,il,il,894,6819,0,True,True,894,-0.6403858211519332,,0.3661961453350343,0.9198662110077999,1.0,1.0,1.0,1.0,1.0,0.5383095517507812,0.6161535756793466,0.9072158790101912,0.9597401191506479,0.9801076073734083,0.9980797958972392,1.0,0.556337301734524,0.8839765981614549,0.924192391839385,0.982691795398959,0.9939244859622801,0.9952060174238492,1.0
experiment/isobaric_coefficient_of_volume_expansion,experiment/static_relative_permittivity,il,il,894,65,0,True,True,894,0.15887738573043375,,0.15536386656646636,0.3779644730092272,0.609449400220044,1.0,1.0,1.0,1.0,0.44628238585018254,0.4610429833109132,0.5151162311793069,0.5599313783805109,0.602189724000129,0.6579250641388209,1.0,0.39850041563132543,0.43672069054590873,0.6032345671764692,0.8589274890248206,0.8753690498394275,0.8922659790805254,0.9090193714312209
experiment/isobaric_coefficient_of_volume_expansion,experiment/surface_tension,il,il,894,10142,0,True,True,894,-0.36752637533979693,,0.46770717334674267,1.0,1.0,1.0,1.0,1.0,1.0,0.6750542245459312,0.7301076073734083,0.7495941863976691,0.75,0.75,0.75,0.75,0.5460768865608803,0.9190322822120225,0.9248782559193007,0.9249999999999999,0.9249999999999999,0.9249999999999999,0.9249999999999999
experiment/isobaric_coefficient_of_volume_expansion,experiment/thermal_conductivity,il,il,894,1540,0,True,True,894,-0.6352570372389882,,0.24643202904507208,0.7319250547113999,1.0,1.0,1.0,1.0,1.0,0.5319724419209999,0.6040623769561588,0.6404462578870501,0.8962423066408645,0.9498811521226519,0.9801076073734083,0.9999594038105222,0.4667336513921333,0.7847597294069134,0.885844426329139,0.9623539717567313,0.9828097005656702,0.9940322822120224,0.999866086947149
experiment/isobaric_coefficient_of_volume_expansion,experiment/thermal_decomposition_temperature,il,il,894,2775,0,True,True,894,0.12946615586158366,,0.3779644730092272,0.3779644730092272,1.0,1.0,1.0,1.0,1.0,0.5,0.5,0.5,0.5,0.5,0.5,0.5,0.41457513110645905,0.41457513110645905,0.85,0.85,0.85,0.85,0.85
experiment/isobaric_coefficient_of_volume_expansion,experiment/transfer,il,il_solute,894,3079,0,False,False,0,,incompatible_topology,,,,,,,,,,,,,,,,,,,,,
experiment/isobaric_coefficient_of_volume_expansion,experiment/transfer_organic,il,solute_solvent,894,1914,0,False,False,0,,incompatible_topology,,,,,,,,,,,,,,,,,,,,,
experiment/isobaric_coefficient_of_volume_expansion,experiment/viscosity,il,il,894,39941,0,True,True,894,0.05492999081831844,,1.0,1.0,1.0,1.0,1.0,1.0,1.0,0.5931680608313684,0.6113955162110325,0.9060540911861142,0.9679361892633722,0.9800262698202764,0.9983203916463799,1.0,0.8779504182494104,0.8834186548633097,0.9718162273558343,0.9903808567790116,0.9940078809460828,0.9994961174939139,1.0
experiment/isobaric_coefficient_of_volume_expansion,experiment/x_co2,il,il,894,9536,0,True,True,894,0.38906260579802915,,0.0,0.3779644730092272,1.0,1.0,1.0,1.0,1.0,0.4748231262790099,0.5831960722748764,0.8766631775569961,0.9550925824479451,0.9794593143766037,0.996268897543665,1.0,0.2998855996025694,0.5566849575536651,0.9497997870275513,0.9790411371454859,0.992972693941048,0.9980484243739992,1.0
experiment/melting_point,experiment/density,il,il,4688,100579,0,True,True,4688,0.04674526063968059,,0.0,0.38640403723834654,0.5504818825631803,0.7595545253127499,1.0,1.0,1.0,0.5,0.5,0.5,0.5,0.5,0.5,0.5,0.15,0.42048282606684256,0.5353373177942262,0.6816881677189249,0.85,0.85,0.85
experiment/melting_point,experiment/dynamic_relative_permittivity,il,il,4688,882,0,True,True,4688,0.30261558471708905,,0.0,0.0,0.08142656489676067,0.3535533905932738,0.5447483006794458,0.9354143466934853,1.0,0.5,0.5,0.5,0.5,0.5,0.5,0.5,0.15,0.15,0.20699859542773247,0.3974873734152916,0.5313238104756121,0.8047900426854397,0.85
experiment/melting_point,experiment/electrical_conductivity,il,il,4688,9464,0,True,True,4688,-0.001624837703408173,,0.0,0.23904572186687872,0.40565158244364674,0.5222329678670935,0.7453559924999299,1.0,1.0,0.5,0.5,0.5,0.5,0.5,0.5,0.5,0.15,0.3173320053068151,0.4339561077105527,0.5155630775069654,0.6717491947499509,0.85,0.85
experiment/melting_point,experiment/equilibrium_pressure,il,il,4688,2029,0,True,True,4688,-0.17943667376848987,,0.0,0.1238288017433494,0.2923526731023431,0.42008402520840293,0.5694947974514994,1.0,1.0,0.5,0.5,0.5,0.5,0.5,0.5,0.5,0.15,0.23668016122034458,0.3546468711716402,0.44405881764588206,0.5486463582160496,0.85,0.85
experiment/melting_point,experiment/glass_transition_temperature,il,il,4688,793,0,True,True,4688,0.46711490997212973,,0.0,0.2961744388795462,0.454858826147342,0.5619514869490163,0.7244309376560041,1.0,1.0,0.5,0.5,0.5,0.5,0.5,0.5,0.5,0.15,0.35732210721568236,0.46840117830313943,0.5433660408643114,0.6571016563592029,0.85,0.85
experiment/melting_point,experiment/heat_capacity,il,il,4688,15215,0,True,True,4688,-0.2829096118981029,,0.0,0.18606954206533258,0.3777850025371436,0.5,0.6831300510639732,1.0,1.0,0.5,0.5,0.5,0.5,0.5,0.5,0.5,0.15,0.2802486794457328,0.4144495017760005,0.5,0.6281910357447812,0.85,0.85
experiment/melting_point,experiment/isobaric_coefficient_of_volume_expansion,il,il,4688,894,0,True,True,4688,-0.17809821075489987,,0.0,0.06788861134574468,0.19920476822239894,0.3110855084191276,0.465985898008574,0.7071067811865476,1.0,0.5,0.5,0.5,0.5,0.5,0.5,0.5,0.15,0.19752202794202128,0.2894433377556792,0.3677598558933893,0.47619012860600174,0.6449747468305833,0.85
experiment/melting_point,experiment/melting_point,il,il,4688,4688,0,True,False,0,,same_task_skipped,,,,,,,,,,,,,,,,,,,,,
experiment/melting_point,experiment/pec50,il,il,4688,330,0,True,True,4688,-0.05271143971785085,,0.0,0.1767766952966369,0.3692744729379982,0.5,0.6647258571142536,1.0,1.0,0.5,0.5,0.5,0.5,0.5,0.5,0.5,0.15,0.2737436867076458,0.40849213105659876,0.5,0.6153080999799775,0.85,0.85
experiment/melting_point,experiment/refractive_index,il,il,4688,10764,0,True,True,4688,0.4604841488829547,,0.0,0.2544153749201676,0.408248290463863,0.5163977794943222,0.7071067811865476,1.0,1.0,0.5,0.5,0.5,0.5,0.5,0.5,0.5,0.15,0.3280907624441173,0.43577380332470406,0.5114784456460255,0.6449747468305833,0.85,0.85
experiment/melting_point,experiment/self_diffusion_coefficient,il,il,4688,382,0,True,True,4688,-0.39387798253957607,,0.0,0.0,0.21029989116983447,0.3651483716701107,0.5163977794943222,0.9198662110077999,1.0,0.5,0.5,0.5,0.5,0.5,0.5,0.5,0.15,0.15,0.2972099238188841,0.40560386016907746,0.5114784456460255,0.7939063477054599,0.85
experiment/melting_point,experiment/solvation,il,il_solute,4688,23783,0,False,False,0,,incompatible_topology,,,,,,,,,,,,,,,,,,,,,
experiment/melting_point,experiment/speed_of_sound,il,il,4688,6819,0,True,True,4688,0.3335001984519881,,0.0,0.17929273534454498,0.3521886497820663,0.46770717334674267,0.6282808624375432,1.0,1.0,0.5,0.5,0.5,0.5,0.5,0.5,0.5,0.15,0.2755049147411815,0.39653205484744647,0.4773950213427198,0.5897966037062802,0.85,0.85
experiment/melting_point,experiment/static_relative_permittivity,il,il,4688,65,0,True,True,4688,-0.04115037509540259,,0.0,0.06666666666666667,0.254000254000381,0.39670936215509145,0.5345224838248488,0.9682458365518543,1.0,0.5,0.5,0.5,0.5,0.5,0.5,0.5,0.15,0.19666666666666666,0.3278001778002667,0.427696553508564,0.5241657386773941,0.827772085586298,0.85
experiment/melting_point,experiment/surface_tension,il,il,4688,10142,0,True,True,4688,0.29309266048003846,,0.0,0.27015286088060936,0.4264014327112209,0.5710129867930136,0.770551750371122,1.0,1.0,0.5,0.5,0.5,0.5,0.5,0.5,0.5,0.15,0.3391070026164265,0.44848100289785464,0.5497090907551094,0.6893862252597854,0.85,0.85
experiment/melting_point,experiment/thermal_conductivity,il,il,4688,1540,0,True,True,4688,0.10943213319775334,,0.0,0.08759648491495914,0.29277002188455997,0.4183300132670378,0.5773502691896257,1.0,1.0,0.5,0.5,0.5,0.5,0.5,0.5,0.5,0.15,0.21131753944047138,0.354939015319192,0.4428310092869264,0.554145188432738,0.85,0.85
experiment/melting_point,experiment/thermal_decomposition_temperature,il,il,4688,2775,0,True,True,4688,-0.2942038620283037,,0.0,0.4,0.5504818825631803,0.7184212081070996,1.0,1.0,1.0,0.5,0.5,0.5,0.5,0.5,0.5,0.5,0.15,0.42999999999999994,0.5353373177942262,0.6528948456749697,0.85,0.85,0.85
experiment/melting_point,experiment/transfer,il,il_solute,4688,3079,0,False,False,0,,incompatible_topology,,,,,,,,,,,,,,,,,,,,,
experiment/melting_point,experiment/transfer_organic,il,solute_solvent,4688,1914,0,False,False,0,,incompatible_topology,,,,,,,,,,,,,,,,,,,,,
experiment/melting_point,experiment/viscosity,il,il,4688,39941,0,True,True,4688,0.11637273791183383,,0.0,0.337099931231621,0.5,0.6695340634119862,1.0,1.0,1.0,0.5,0.5,0.5,0.5,0.5,0.5,0.5,0.15,0.3859699518621347,0.5,0.6186738443883902,0.85,0.85,0.85
experiment/melting_point,experiment/x_co2,il,il,4688,9536,0,True,True,4688,0.2526541912734146,,0.0,0.0,0.0,0.3651483716701107,0.5773502691896257,1.0,1.0,0.5,0.5,0.5,0.5,0.5,0.5,0.5,0.15,0.15,0.15,0.40560386016907746,0.554145188432738,0.85,0.85
experiment/pec50,experiment/density,il,il,330,100579,0,True,True,330,-0.1755454290465673,,0.31622776601683794,0.4815821049712354,0.7465169943749475,1.0,1.0,1.0,1.0,0.5,0.5,0.5,0.5,0.5,0.5,0.5,0.3713594362117866,0.4871074734798647,0.6725618960624631,0.85,0.85,0.85,0.85
experiment/pec50,experiment/dynamic_relative_permittivity,il,il,330,882,0,True,True,330,-0.015421121817400053,,0.0,0.0,0.31237107281855514,0.5328037441843216,0.7269293039149465,1.0,1.0,0.5,0.5,0.5,0.5,0.5,0.5,0.5,0.15,0.15,0.3686597509729886,0.522962620929025,0.6588505127404625,0.85,0.85
experiment/pec50,experiment/electrical_conductivity,il,il,330,9464,0,True,True,330,-0.17358199269380925,,0.16605279103876786,0.2650106509188087,0.45985111327741157,0.6969320524371696,1.0,1.0,1.0,0.5,0.5,0.5,0.5,0.5,0.5,0.5,0.2662369537271375,0.3355074556431661,0.4718957792941881,0.6378524367060187,0.85,0.85,0.85
experiment/pec50,experiment/equilibrium_pressure,il,il,330,2029,0,True,True,330,0.0167899017024035,,0.0,0.15052958336813477,0.3585509638996589,0.5697912550005342,0.7844645405527362,1.0,1.0,0.5,0.5,0.5,0.5,0.5,0.5,0.5,0.15,0.2553707083576943,0.4009856747297612,0.5488538785003739,0.6991251783869153,0.85,0.85
experiment/pec50,experiment/glass_transition_temperature,il,il,330,793,0,True,True,330,-0.17236803705174683,,0.19802950859533486,0.3384117213928576,0.4953985987435961,0.674199862463242,0.8770580193070292,1.0,1.0,0.5,0.5,0.5,0.5,0.5,0.5,0.5,0.28862065601673437,0.38688820497500026,0.49677901912051725,0.6219399037242694,0.7639406135149204,0.85,0.85
experiment/pec50,experiment/heat_capacity,il,il,330,15215,0,True,True,330,0.49810286806460774,,0.15811388300841897,0.2515703833437334,0.4714045207910317,0.7071067811865476,1.0,1.0,1.0,0.5,0.5,0.5,0.5,0.5,0.5,0.5,0.2606797181058933,0.32609926834061337,0.47998316455372214,0.6449747468305833,0.85,0.85,0.85
experiment/pec50,experiment/isobaric_coefficient_of_volume_expansion,il,il,330,894,0,True,True,330,-0.11137829270203362,,0.0,0.08759357437106756,0.27681877521783665,0.3779644730092272,0.508000508000762,1.0,1.0,0.5,0.5,0.5,0.5,0.5,0.5,0.5,0.15,0.21131550205974728,0.34377314265248565,0.41457513110645905,0.5056003556005334,0.85,0.85
experiment/pec50,experiment/melting_point,il,il,330,4688,0,True,True,330,-0.007824107859343746,,0.28097574347450816,0.45015165044390865,0.7071067811865476,0.8319151092012933,1.0,1.0,1.0,0.5,0.5,0.5,0.5,0.5,0.5,0.5,0.3466830204321557,0.465106155310736,0.6449747468305833,0.7323405764409053,0.85,0.85,0.85
experiment/pec50,experiment/pec50,il,il,330,330,0,True,False,0,,same_task_skipped,,,,,,,,,,,,,,,,,,,,,
experiment/pec50,experiment/refractive_index,il,il,330,10764,0,True,True,330,-0.21588397592486072,,0.15845379142581803,0.27818671295453484,0.4803844614152614,0.717509890095789,1.0,1.0,1.0,0.5,0.5,0.5,0.5,0.5,0.5,0.5,0.2609176539980726,0.3447306990681744,0.4862691229906829,0.6522569230670523,0.85,0.85,0.85
experiment/pec50,experiment/self_diffusion_coefficient,il,il,330,382,0,True,True,330,-0.10891522677597137,,0.0,0.0,0.0,0.4445515149245185,0.7071067811865476,1.0,1.0,0.5,0.5,0.5,0.5,0.5,0.5,0.5,0.15,0.15,0.15,0.4611860604471629,0.6449747468305833,0.85,0.85
experiment/pec50,experiment/solvation,il,il_solute,330,23783,0,False,False,0,,incompatible_topology,,,,,,,,,,,,,,,,,,,,,
experiment/pec50,experiment/speed_of_sound,il,il,330,6819,0,True,True,330,-0.15627180534902826,,0.12483755678647185,0.24236815401503145,0.44309797709952914,0.6564671296561801,0.9088932591463857,1.0,1.0,0.5,0.5,0.5,0.5,0.5,0.5,0.5,0.23738628975053028,0.319657707810522,0.4601685839696704,0.6095269907593261,0.78622528140247,0.85,0.85
experiment/pec50,experiment/static_relative_permittivity,il,il,330,65,0,True,True,330,-0.03967356866551963,,0.0,0.08759357437106756,0.23952574106784646,0.4472135954999579,0.6639896126340735,1.0,1.0,0.5,0.5,0.5,0.5,0.5,0.5,0.5,0.15,0.21131550205974728,0.3176680187474925,0.46304951684997053,0.6147927288438515,0.85,0.85
experiment/pec50,experiment/surface_tension,il,il,330,10142,0,True,True,330,-0.4527429596932119,,0.14127272628953302,0.2789603856930204,0.6420835911654801,0.8104481237337848,1.0,1.0,1.0,0.5,0.5,0.5,0.5,0.5,0.5,0.5,0.2488909084026731,0.3452722699851143,0.599458513815836,0.7173136866136494,0.85,0.85,0.85
experiment/pec50,experiment/thermal_conductivity,il,il,330,1540,0,True,True,330,-0.1650586050729136,,0.0,0.11043152607484653,0.36395542155298033,0.5814451564793728,0.7844645405527362,1.0,1.0,0.5,0.5,0.5,0.5,0.5,0.5,0.5,0.15,0.22730206825239258,0.4047687950870862,0.557011609535561,0.6991251783869153,0.85,0.85
experiment/pec50,experiment/thermal_decomposition_temperature,il,il,330,2775,0,True,True,330,0.15644676033207525,,0.27003086243366087,0.4113888894260396,0.6454972243679028,0.7745966692414834,1.0,1.0,1.0,0.5,0.5,0.5,0.5,0.5,0.5,0.5,0.3390216037035626,0.43797222259822766,0.601848057057532,0.6922176684690383,0.85,0.85,0.85
experiment/pec50,experiment/transfer,il,il_solute,330,3079,0,False,False,0,,incompatible_topology,,,,,,,,,,,,,,,,,,,,,
experiment/pec50,experiment/transfer_organic,il,solute_solvent,330,1914,0,False,False,0,,incompatible_topology,,,,,,,,,,,,,,,,,,,,,
experiment/pec50,experiment/viscosity,il,il,330,39941,0,True,True,330,-0.1282041613123752,,0.23249527748763857,0.41848402249121064,0.6188124410018566,0.8827906679728339,1.0,1.0,1.0,0.5,0.5,0.5,0.5,0.5,0.5,0.5,0.312746694241347,0.4429388157438474,0.5831687087012996,0.7679534675809837,0.85,0.85,0.85
experiment/pec50,experiment/x_co2,il,il,330,9536,0,True,True,330,-0.13919941226987342,,0.0,0.0,0.2819586398954894,0.5966488509242337,0.7875778959861124,1.0,1.0,0.5,0.5,0.5,0.5,0.5,0.5,0.5,0.15,0.15,0.3473710479268426,0.5676541956469636,0.7013045271902787,0.85,0.85
experiment/refractive_index,experiment/density,il,il,10764,100579,0,True,True,10764,-0.4225836986311601,,0.2732409806089908,0.7745966692414834,1.0,1.0,1.0,1.0,1.0,0.5667843399161915,0.7609949841733344,0.8329276020844842,0.8333333333333334,0.8333333333333334,0.8333333333333334,0.8333333333333334,0.44110642685923307,0.7921332822995224,0.9498782806253452,0.95,0.95,0.95,0.95
experiment/refractive_index,experiment/dynamic_relative_permittivity,il,il,10764,882,0,True,True,10764,0.1146878478180794,,0.0,0.20073126386549825,0.408248290463863,0.6048583789091339,1.0,1.0,1.0,0.5272768107754571,0.6357873660749063,0.6883861771332029,0.7213327897840105,0.7397616116980217,0.75,0.75,0.19798612467005264,0.34702773784580965,0.4983057971282912,0.6386858758030078,0.9020449399407637,0.9220161411060112,0.9249999999999999
experiment/refractive_index,experiment/electrical_conductivity,il,il,10764,9464,0,True,True,10764,-0.15538270470429083,,0.0,0.35276684147527876,0.6099942813304187,1.0,1.0,1.0,1.0,0.5927497612157627,0.7498355029007445,0.8204618023507675,0.8329276020844842,0.8333333333333334,0.8333333333333334,0.8333333333333334,0.25,0.48773968070587503,0.6698858902527891,0.9452634825113063,0.95,0.95,0.95
experiment/refractive_index,experiment/equilibrium_pressure,il,il,10764,2029,0,True,True,10764,0.16302369735719865,,0.0,0.1800205749557739,0.37796447300922725,0.5916079783099616,0.9198662110077999,1.0,1.0,0.37055383609565445,0.429855453203609,0.47911117674107073,0.5155080067550935,0.5641470049921796,0.6550831127511433,0.6666666666666666,0.1848729066802821,0.29121506672222913,0.43139711795210456,0.5660877980078357,0.7993224676297178,0.8579567846022103,0.8999999999999999
experiment/refractive_index,experiment/glass_transition_temperature,il,il,10764,793,0,True,True,10764,0.352707349790798,,0.09078412990032037,0.30151134457776363,0.5133356733303399,0.7288689868556626,1.0,1.0,1.0,0.5,0.5,0.5,0.5,0.5,0.5,0.5,0.21354889093022425,0.3610579412044345,0.509334971331238,0.6602082907989638,0.85,0.85,0.85
experiment/refractive_index,experiment/heat_capacity,il,il,10764,15215,0,True,True,10764,-0.239814842220143,,0.0,0.2836543144655877,0.5940885257860046,1.0,1.0,1.0,1.0,0.5384960625332181,0.7508758328752805,0.8204618023507675,0.8329276020844842,0.8333333333333334,0.8333333333333334,0.8333333333333334,0.24998376218342921,0.44668302043215574,0.6641255848169731,0.9230579541937639,0.9499237330683795,0.95,0.95
experiment/refractive_index,experiment/isobaric_coefficient_of_volume_expansion,il,il,10764,894,0,True,True,10764,0.15755149849960767,,0.0,0.17149858514250885,0.33034373632170494,0.4848120615689497,0.752772652709081,1.0,1.0,0.4648855310582261,0.6174832328437977,0.6182826277534808,0.703746367825118,0.7947511798618393,0.8327803100015144,0.8333333333333334,0.23159557393653513,0.3553791939311586,0.4499429002019546,0.5514512213534392,0.7128847600616486,0.8978030536919304,0.95
experiment/refractive_index,experiment/melting_point,il,il,10764,4688,0,True,True,10764,0.07229912738497864,,0.22213082915965965,0.4069784637782398,0.6249260311258431,0.8997354108424374,1.0,1.0,1.0,0.5,0.5,0.5,0.5,0.5,0.5,0.5,0.3054915804117617,0.4348849246447678,0.5874482217880902,0.7798147875897061,0.85,0.85,0.85
experiment/refractive_index,experiment/pec50,il,il,10764,330,0,True,True,10764,-0.3248078799295827,,0.0,0.2282177322938192,0.468292905790847,0.7071067811865476,1.0,1.0,1.0,0.5,0.5,0.5,0.5,0.5,0.5,0.5,0.15,0.30975241260567343,0.47780503405359287,0.6449747468305833,0.85,0.85,0.85
experiment/refractive_index,experiment/refractive_index,il,il,10764,10764,0,True,False,0,,same_task_skipped,,,,,,,,,,,,,,,,,,,,,
experiment/refractive_index,experiment/self_diffusion_coefficient,il,il,10764,382,0,True,True,10764,-0.18440345817171824,,0.0,0.09622504486493763,0.25601995720528303,0.5198752449100363,0.8717797887081347,1.0,1.0,0.5567739316297773,0.7310566210757711,0.8119891822702766,0.8204618023507675,0.8326733789790827,0.8333333333333334,0.8333333333333334,0.2461626878088013,0.31492770418352045,0.4239834135142866,0.5990815593827905,0.8598120337286788,0.9498782806253452,0.95
experiment/refractive_index,experiment/solvation,il,il_solute,10764,23783,0,False,False,0,,incompatible_topology,,,,,,,,,,,,,,,,,,,,,
experiment/refractive_index,experiment/speed_of_sound,il,il,10764,6819,0,True,True,10764,0.6151120397010243,,0.0,0.32889675724013595,0.5547001962252291,1.0,1.0,1.0,1.0,0.5400393052090193,0.7498355029007445,0.830047869461525,0.8329276020844842,0.8333333333333334,0.8333333333333334,0.8333333333333334,0.24996103366973454,0.47515919888265223,0.6352967281964159,0.9422013258631274,0.95,0.95,0.95
experiment/refractive_index,experiment/static_relative_permittivity,il,il,10764,65,0,True,True,10764,0.3175385790632377,,0.0,0.17025130615174972,0.32010434731331044,0.5388159060803247,0.8717797887081347,1.0,1.0,0.5363543189702237,0.6878523913839535,0.7609101487274649,0.7951103863786807,0.8199418224176792,0.8331980346739657,0.8333333333333334,0.24602152147468165,0.3538954044453857,0.45564692911573235,0.6100222742459458,0.852135078966461,0.9460215214746817,0.95
experiment/refractive_index,experiment/surface_tension,il,il,10764,10142,0,True,True,10764,0.23714336402458525,,0.08920515501750789,0.38297084310253526,0.7071067811865476,1.0,1.0,1.0,1.0,0.4001176732495248,0.5742281250724572,0.6537951356841009,0.6662609354178175,0.6666666666666666,0.6666666666666666,0.6666666666666666,0.26015610118379373,0.4579758852652464,0.6817730411281796,0.8997891139221982,0.8999999999999999,0.8999999999999999,0.8999999999999999
experiment/refractive_index,experiment/thermal_conductivity,il,il,10764,1540,0,True,True,10764,0.5050427281262128,,0.0,0.22941573387056177,0.47633051162246687,0.6882472016116853,1.0,1.0,1.0,0.556843120720853,0.7610161973403211,0.8200717382489389,0.8264538753442731,0.8329276020844842,0.8333333333333334,0.8333333333333334,0.2499594104021896,0.4062126594326244,0.5760495280399147,0.7288437142422242,0.9461385407052302,0.95,0.95
experiment/refractive_index,experiment/thermal_decomposition_temperature,il,il,10764,2775,0,True,True,10764,-0.5404305509071627,,0.19292704235657732,0.408248290463863,0.6416889479197478,0.8790490729915326,1.0,1.0,1.0,0.5,0.5,0.5,0.5,0.5,0.5,0.5,0.2850489296496041,0.43577380332470406,0.5991822635438234,0.7653343510940728,0.85,0.85,0.85
experiment/refractive_index,experiment/transfer,il,il_solute,10764,3079,0,False,False,0,,incompatible_topology,,,,,,,,,,,,,,,,,,,,,
experiment/refractive_index,experiment/transfer_organic,il,solute_solvent,10764,1914,0,False,False,0,,incompatible_topology,,,,,,,,,,,,,,,,,,,,,
experiment/refractive_index,experiment/viscosity,il,il,10764,39941,0,True,True,10764,0.3169652893085972,,0.17541160386140583,0.6123724356957945,1.0,1.0,1.0,1.0,1.0,0.5667843399161915,0.7725379078302631,0.8329276020844842,0.8333333333333334,0.8333333333333334,0.8333333333333334,0.8333333333333334,0.37266640332832923,0.6785795422665899,0.9496879010076391,0.95,0.95,0.95,0.95
experiment/refractive_index,experiment/x_co2,il,il,10764,9536,0,True,True,10764,0.1706541371054515,,0.0,0.18010851266410008,0.40480309561376554,0.6561248099647031,1.0,1.0,1.0,0.4466763659109172,0.6080219824293936,0.6961004963801296,0.7822502174324937,0.8189241181261089,0.8323153978866206,0.8333333333333334,0.24428381473483415,0.35489297756905913,0.5047986585875545,0.6830523560391546,0.9137375306664055,0.9474643471090091,0.95
experiment/self_diffusion_coefficient,experiment/density,il,il,382,100579,0,True,True,382,0.2130229507786021,,1.0,1.0,1.0,1.0,1.0,1.0,1.0,0.7773076379444791,0.929690924127803,0.993907158542074,0.9993914031267263,1.0,1.0,1.0,0.9331922913833437,0.9789072772383408,0.9981721475626222,0.9998174209380178,1.0,1.0,1.0
experiment/self_diffusion_coefficient,experiment/dynamic_relative_permittivity,il,il,382,882,0,True,True,382,-0.17420718232068091,,0.0,0.0,0.6732669288707678,0.8997354108424374,1.0,1.0,1.0,0.6239370391143543,0.6792111456408797,0.7315927374128973,0.7720956890009419,0.8027556713864281,0.8235339229182709,0.8331980346739657,0.19240803619303107,0.2328641233131749,0.6879032330277888,0.865899176040597,0.925262749862584,0.9460215214746817,0.9499237330683795
experiment/self_diffusion_coefficient,experiment/electrical_conductivity,il,il,382,9464,0,True,True,382,0.3635386656326122,,0.7559289460184544,1.0,1.0,1.0,1.0,1.0,1.0,0.76757540089306,0.9255722284010455,0.9975700535831595,0.9995941863976688,1.0,1.0,1.0,0.828682113724377,0.9672856483404274,0.9989847807572878,0.9998782559193006,1.0,1.0,1.0
experiment/self_diffusion_coefficient,experiment/equilibrium_pressure,il,il,382,2029,0,True,True,382,0.32852332836654397,,0.5345224838248488,0.6793662204867574,0.9347877157662743,1.0,1.0,1.0,1.0,0.32697917712344254,0.36348268678368706,0.4248624622062837,0.48489182327290165,0.5624627114863517,0.7306634487185141,0.75,0.49130582325378636,0.6120314563731826,0.7691411115488911,0.8302669823199988,0.8594447958226714,0.9190322822120225,0.9249999999999999
experiment/self_diffusion_coefficient,experiment/glass_transition_temperature,il,il,382,793,0,True,True,382,-0.3656494531228226,,0.43994134506405985,0.6201736729460423,0.7844645405527362,1.0,1.0,1.0,1.0,0.5,0.5,0.5,0.5,0.5,0.5,0.5,0.45795894154484185,0.5841215710622296,0.6991251783869153,0.85,0.85,0.85,0.85
experiment/self_diffusion_coefficient,experiment/heat_capacity,il,il,382,15215,0,True,True,382,0.20542427192051363,,0.5570860145311556,0.7844645405527362,1.0,1.0,1.0,1.0,1.0,0.8199074978003509,0.8984642687774748,0.9912252757104142,0.9985810927980756,0.9998782213196035,1.0,1.0,0.6898993257750934,0.8480934977630069,0.9841598313909685,0.9994407948069617,0.9999330288936445,1.0,1.0
experiment/self_diffusion_coefficient,experiment/isobaric_coefficient_of_volume_expansion,il,il,382,894,0,True,True,382,-0.09360780132566787,,0.0,0.2134028982088736,0.508000508000762,0.7319250547113999,1.0,1.0,1.0,0.4757327419291167,0.603056163424897,0.6768388454774781,0.6774239416302211,0.7639365540014774,0.9787352491558965,1.0,0.2137154386845068,0.4232311513759567,0.6283173116518422,0.7041666820948782,0.9030516536432434,0.9032271824890663,0.9089743591675686
experiment/self_diffusion_coefficient,experiment/melting_point,il,il,382,4688,0,True,True,382,-0.30072068210906266,,0.7559289460184544,1.0,1.0,1.0,1.0,1.0,1.0,0.5,0.5,0.5,0.5,0.5,0.5,0.5,0.6791502622129181,0.85,0.85,0.85,0.85,0.85,0.85
experiment/self_diffusion_coefficient,experiment/pec50,il,il,382,330,0,True,True,382,0.05312494650644797,,0.42008402520840293,0.7210316519175952,0.7844645405527362,0.9219544457292888,1.0,1.0,1.0,0.5,0.5,0.5,0.5,0.5,0.5,0.5,0.44405881764588206,0.6547221563423167,0.6991251783869153,0.7953681120105021,0.85,0.85,0.85
experiment/self_diffusion_coefficient,experiment/refractive_index,il,il,382,10764,0,True,True,382,-0.5435951695050075,,0.5570860145311556,0.7844645405527362,1.0,1.0,1.0,1.0,1.0,0.6732448389337717,0.7305608052315636,0.8056269155505943,0.8322930033587973,0.8333333333333334,0.8333333333333334,0.8333333333333334,0.6359037979674287,0.7845350199463329,0.9350470997121006,0.9493444733720999,0.95,0.95,0.95
experiment/self_diffusion_coefficient,experiment/self_diffusion_coefficient,il,il,382,382,0,True,False,0,,same_task_skipped,,,,,,,,,,,,,,,,,,,,,
experiment/self_diffusion_coefficient,experiment/solvation,il,il_solute,382,23783,0,False,False,0,,incompatible_topology,,,,,,,,,,,,,,,,,,,,,
experiment/self_diffusion_coefficient,experiment/speed_of_sound,il,il,382,6819,0,True,True,382,-0.531937100437761,,0.5222329678670935,0.5976143046671968,1.0,1.0,1.0,1.0,1.0,0.7295938625315004,0.8448877985565508,0.9493651394785061,0.9941679029493303,0.9993914031267263,1.0,1.0,0.6652090594171204,0.7181474342050556,0.9615002403931839,0.9937411145953433,0.9998174209380178,1.0,1.0
experiment/self_diffusion_coefficient,experiment/static_relative_permittivity,il,il,382,65,0,True,True,382,0.10912288996533824,,0.0,0.48038446141526137,0.6813851438692469,1.0,1.0,1.0,1.0,0.6858301003529598,0.7707170446664808,0.8497060832732933,0.9084750966370616,0.9660984650794188,0.9869925021841,1.0,0.23816495951685993,0.6258833218385453,0.7540646822678371,0.9458360262377105,0.9742961849697624,0.9941463522067229,0.9998782559193006
experiment/self_diffusion_coefficient,experiment/surface_tension,il,il,382,10142,0,True,True,382,-0.11563315266981276,,0.693888666488711,1.0,1.0,1.0,1.0,1.0,1.0,0.5072430857047576,0.6267723542664058,0.7104454949293175,0.7481562067546513,0.749634752931868,0.75,0.75,0.7106611821453821,0.8857964010687925,0.9127640220529029,0.9243922669029323,0.9248782559193007,0.9249999999999999,0.9249999999999999
experiment/self_diffusion_coefficient,experiment/thermal_conductivity,il,il,382,1540,0,True,True,382,-0.20420811619788204,,0.0,0.6722705897999511,1.0,1.0,1.0,1.0,1.0,0.7775543004361243,0.885624152145839,0.9604454949293175,0.9938194281759196,0.9997970520109484,1.0,1.0,0.29439527761275464,0.7644385812112233,0.9694494849782349,0.9937982197079307,0.9996958250434522,1.0,1.0
experiment/self_diffusion_coefficient,experiment/thermal_decomposition_temperature,il,il,382,2775,0,True,True,382,0.4426666648800003,,0.5222329678670935,0.6900655593423543,1.0,1.0,1.0,1.0,1.0,0.5,0.5,0.5,0.5,0.5,0.5,0.5,0.5155630775069654,0.633045891539648,0.85,0.85,0.85,0.85,0.85
experiment/self_diffusion_coefficient,experiment/transfer,il,il_solute,382,3079,0,False,False,0,,incompatible_topology,,,,,,,,,,,,,,,,,,,,,
experiment/self_diffusion_coefficient,experiment/transfer_organic,il,solute_solvent,382,1914,0,False,False,0,,incompatible_topology,,,,,,,,,,,,,,,,,,,,,
experiment/self_diffusion_coefficient,experiment/viscosity,il,il,382,39941,0,True,True,382,-0.9539690768920268,,0.7559289460184544,0.816496580927726,1.0,1.0,1.0,1.0,1.0,0.8151380146806455,0.9255722284010452,0.9965610645869718,0.9995941863976688,1.0,1.0,1.0,0.8159356375919594,0.8705764162199259,0.9979049014617823,0.9998174209380178,1.0,1.0,1.0
experiment/self_diffusion_coefficient,experiment/x_co2,il,il,382,9536,0,True,True,382,-0.5686713010889438,,0.0,0.0,0.6813851438692469,1.0,1.0,1.0,1.0,0.5933823876732284,0.7692243724258129,0.8769231327287326,0.9630647898760701,0.9921641931077365,0.9990100684686241,1.0,0.28801924808136464,0.2961096320941657,0.7754758485488171,0.9552817293845666,0.9876566197326001,0.9993486642478359,1.0
experiment/solvation,experiment/density,il_solute,il,23783,100579,0,False,False,0,,incompatible_topology,,,,,,,,,,,,,,,,,,,,,
experiment/solvation,experiment/dynamic_relative_permittivity,il_solute,il,23783,882,0,False,False,0,,incompatible_topology,,,,,,,,,,,,,,,,,,,,,
experiment/solvation,experiment/electrical_conductivity,il_solute,il,23783,9464,0,False,False,0,,incompatible_topology,,,,,,,,,,,,,,,,,,,,,
experiment/solvation,experiment/equilibrium_pressure,il_solute,il,23783,2029,0,False,False,0,,incompatible_topology,,,,,,,,,,,,,,,,,,,,,
experiment/solvation,experiment/glass_transition_temperature,il_solute,il,23783,793,0,False,False,0,,incompatible_topology,,,,,,,,,,,,,,,,,,,,,
experiment/solvation,experiment/heat_capacity,il_solute,il,23783,15215,0,False,False,0,,incompatible_topology,,,,,,,,,,,,,,,,,,,,,
experiment/solvation,experiment/isobaric_coefficient_of_volume_expansion,il_solute,il,23783,894,0,False,False,0,,incompatible_topology,,,,,,,,,,,,,,,,,,,,,
experiment/solvation,experiment/melting_point,il_solute,il,23783,4688,0,False,False,0,,incompatible_topology,,,,,,,,,,,,,,,,,,,,,
experiment/solvation,experiment/pec50,il_solute,il,23783,330,0,False,False,0,,incompatible_topology,,,,,,,,,,,,,,,,,,,,,
experiment/solvation,experiment/refractive_index,il_solute,il,23783,10764,0,False,False,0,,incompatible_topology,,,,,,,,,,,,,,,,,,,,,
experiment/solvation,experiment/self_diffusion_coefficient,il_solute,il,23783,382,0,False,False,0,,incompatible_topology,,,,,,,,,,,,,,,,,,,,,
experiment/solvation,experiment/solvation,il_solute,il_solute,23783,23783,0,True,False,0,,same_task_skipped,,,,,,,,,,,,,,,,,,,,,
experiment/solvation,experiment/speed_of_sound,il_solute,il,23783,6819,0,False,False,0,,incompatible_topology,,,,,,,,,,,,,,,,,,,,,
experiment/solvation,experiment/static_relative_permittivity,il_solute,il,23783,65,0,False,False,0,,incompatible_topology,,,,,,,,,,,,,,,,,,,,,
experiment/solvation,experiment/surface_tension,il_solute,il,23783,10142,0,False,False,0,,incompatible_topology,,,,,,,,,,,,,,,,,,,,,
experiment/solvation,experiment/thermal_conductivity,il_solute,il,23783,1540,0,False,False,0,,incompatible_topology,,,,,,,,,,,,,,,,,,,,,
experiment/solvation,experiment/thermal_decomposition_temperature,il_solute,il,23783,2775,0,False,False,0,,incompatible_topology,,,,,,,,,,,,,,,,,,,,,
experiment/solvation,experiment/transfer,il_solute,il_solute,23783,3079,0,True,True,23783,0.19612464024962795,,0.2985393397911086,0.5650929210677589,1.0,1.0,1.0,1.0,1.0,0.5439121336158295,0.589917909014958,0.6939325325435175,0.8162870670028258,0.922013258631275,1.0,1.0,0.40887491058059877,0.6108166911031448,0.8769753727044873,0.9448861201008477,0.9766039775893824,1.0,1.0
experiment/solvation,experiment/transfer_organic,il_solute,solute_solvent,23783,1914,0,False,False,0,,incompatible_topology,,,,,,,,,,,,,,,,,,,,,
experiment/solvation,experiment/viscosity,il_solute,il,23783,39941,0,False,False,0,,incompatible_topology,,,,,,,,,,,,,,,,,,,,,
experiment/solvation,experiment/x_co2,il_solute,il,23783,9536,0,False,False,0,,incompatible_topology,,,,,,,,,,,,,,,,,,,,,
experiment/speed_of_sound,experiment/density,il,il,6819,100579,0,True,True,6819,-0.4252211309609323,,0.848528137423857,1.0,1.0,1.0,1.0,1.0,1.0,0.5483445277979402,0.942665579568021,1.0,1.0,1.0,1.0,1.0,0.864503358339382,0.9793617487791031,1.0,1.0,1.0,1.0,1.0
experiment/speed_of_sound,experiment/dynamic_relative_permittivity,il,il,6819,882,0,True,True,6819,0.3575220183554732,,0.0,0.1873171623163388,0.3047609833393118,0.7171371656006361,1.0,1.0,1.0,0.40945713892266805,0.5136095730207795,0.7313108441811725,0.7833694830306208,0.8079647494421895,0.8322930033587973,0.8333333333333334,0.21938761905103657,0.36717386757794246,0.45414100155767706,0.7207498847947131,0.8699178056941077,0.9459452545430612,0.95
experiment/speed_of_sound,experiment/electrical_conductivity,il,il,6819,9464,0,True,True,6819,-0.21062662768217202,,0.18569533817705186,0.4113063728303113,0.5991446895152781,1.0,1.0,1.0,1.0,0.49335837043720343,0.6020961742397741,0.9606475535868829,0.9939873664199514,0.9999706992784017,1.0,1.0,0.4240190189359588,0.5730618771094451,0.7028133254623077,0.8952063380311215,0.9997797530354369,1.0,1.0
experiment/speed_of_sound,experiment/equilibrium_pressure,il,il,6819,2029,0,True,True,6819,-0.05700293822802959,,0.0,0.1781741612749496,0.31814238148788887,0.6582805886043833,1.0,1.0,1.0,0.31062688717592096,0.39726110089381,0.4663883496414022,0.5292961576091026,0.5966102456692959,0.6864172788225398,0.7498376350176268,0.18784830152267085,0.3008278302620916,0.4088833576363222,0.6119608386300591,0.821565000699225,0.8566199492515085,0.9227636583297515
experiment/speed_of_sound,experiment/glass_transition_temperature,il,il,6819,793,0,True,True,6819,0.08932755718956342,,0.126155140059354,0.3779644730092272,0.512989176042577,0.7272474743090477,1.0,1.0,1.0,0.5,0.5,0.5,0.5,0.5,0.5,0.5,0.2383085980415478,0.41457513110645905,0.5090924232298039,0.6590732320163334,0.85,0.85,0.85
experiment/speed_of_sound,experiment/heat_capacity,il,il,6819,15215,0,True,True,6819,-0.7486733923721054,,0.13608276348795434,0.2581988897471611,0.6793662204867574,1.0,1.0,1.0,1.0,0.5221510861998695,0.5979697334271673,0.9585482497999152,0.9984395050381961,1.0,1.0,1.0,0.3949721426668597,0.4746082421989717,0.7752643345312427,0.9857427275818591,0.9999391156032844,1.0,1.0
experiment/speed_of_sound,experiment/isobaric_coefficient_of_volume_expansion,il,il,6819,894,0,True,True,6819,0.01730541481278361,,0.0,0.11785113019775792,0.22360679774997896,0.46770717334674267,0.7587869106393281,1.0,1.0,0.44406312792569697,0.6766888045986372,0.6965811972252289,0.9089396567057001,0.9632580136161562,0.9975700535831593,1.0,0.25408142857655486,0.358494806634497,0.43722028667563106,0.5798060855367266,0.765634916692258,0.9815093514090192,1.0
experiment/speed_of_sound,experiment/melting_point,il,il,6819,4688,0,True,True,6819,-0.1078407501988885,,0.29821603968282906,0.45523273400016295,0.5619514869490163,0.97182531580755,1.0,1.0,1.0,0.5,0.5,0.5,0.5,0.5,0.5,0.5,0.3587512277779803,0.46866291380011404,0.5433660408643114,0.830277721065285,0.85,0.85,0.85
experiment/speed_of_sound,experiment/pec50,il,il,6819,330,0,True,True,6819,-0.6687103931856154,,0.0,0.3779644730092272,0.6405126152203485,0.7587869106393281,1.0,1.0,1.0,0.5,0.5,0.5,0.5,0.5,0.5,0.5,0.15,0.41457513110645905,0.5983588306542439,0.6811508374475297,0.85,0.85,0.85
experiment/speed_of_sound,experiment/refractive_index,il,il,6819,10764,0,True,True,6819,0.5953581323395198,,0.2581988897471611,0.9198662110077999,1.0,1.0,1.0,1.0,1.0,0.4092364567734319,0.5647312411026255,0.762496412290472,0.8306377690429184,0.8333333333333334,0.8333333333333334,0.8333333333333334,0.4254232391235101,0.8582522585917403,0.8861481107539724,0.9489098441258416,0.95,0.95,0.95
experiment/speed_of_sound,experiment/self_diffusion_coefficient,il,il,6819,382,0,True,True,6819,-0.3947376754934625,,0.0,0.08242255917447337,0.13793103448275862,0.5976143046671968,1.0,1.0,1.0,0.4439890751286138,0.5784717212358724,0.8914286055856973,0.9806927035261512,0.9958358596707677,0.9996186653418979,1.0,0.2945977798043124,0.35577582358263365,0.39295552754639224,0.6928429512113284,0.8824352754496074,0.9994709671147433,1.0
experiment/speed_of_sound,experiment/solvation,il,il_solute,6819,23783,0,False,False,0,,incompatible_topology,,,,,,,,,,,,,,,,,,,,,
experiment/speed_of_sound,experiment/speed_of_sound,il,il,6819,6819,0,True,False,0,,same_task_skipped,,,,,,,,,,,,,,,,,,,,,
experiment/speed_of_sound,experiment/static_relative_permittivity,il,il,6819,65,0,True,True,6819,0.4208216748664518,,0.0,0.2176428750330035,0.2970442628930023,0.6123724356957945,1.0,1.0,1.0,0.364075322510264,0.5203419323080428,0.8469662662717587,0.9250542245459312,0.9674141464829402,0.9989860834781741,1.0,0.2940205878883833,0.4218257138033571,0.4883486106118427,0.6800797402149598,0.8731048225588837,0.9939738200879555,1.0
experiment/speed_of_sound,experiment/surface_tension,il,il,6819,10142,0,True,True,6819,0.6771498163775665,,0.2439750182371333,0.4008918628686366,0.6831300510639732,1.0,1.0,1.0,1.0,0.5969662662717587,0.6750542245459312,0.7382650452950077,0.7497970520109482,0.75,0.75,0.75,0.39078438228767975,0.49932513718234794,0.6890338797897918,0.9248174209380178,0.9249999999999999,0.9249999999999999,0.9249999999999999
experiment/speed_of_sound,experiment/thermal_conductivity,il,il,6819,1540,0,True,True,6819,0.8013363821095084,,0.0,0.18569533817705186,0.32732683535398854,0.7844645405527362,1.0,1.0,1.0,0.5619132836645837,0.6073598537608873,0.9462744640954401,0.9826481786756218,0.9982573369318517,1.0,1.0,0.29992694168979017,0.41430991506340065,0.509386861094965,0.8225838013288655,0.9908747273761296,1.0,1.0
experiment/speed_of_sound,experiment/thermal_decomposition_temperature,il,il,6819,2775,0,True,True,6819,-0.4249321789072004,,0.2672612419124244,0.4767312946227962,0.6831300510639732,0.944911182523068,1.0,1.0,1.0,0.5,0.5,0.5,0.5,0.5,0.5,0.5,0.337082869338697,0.4837119062359573,0.6281910357447812,0.8114378277661476,0.85,0.85,0.85
experiment/speed_of_sound,experiment/transfer,il,il_solute,6819,3079,0,False,False,0,,incompatible_topology,,,,,,,,,,,,,,,,,,,,,
experiment/speed_of_sound,experiment/transfer_organic,il,solute_solvent,6819,1914,0,False,False,0,,incompatible_topology,,,,,,,,,,,,,,,,,,,,,
experiment/speed_of_sound,experiment/viscosity,il,il,6819,39941,0,True,True,6819,0.2051594261901174,,0.3333333333333333,0.8717797887081347,1.0,1.0,1.0,1.0,1.0,0.3708841908178233,0.61325532720485,0.9785943512688114,0.9979742230097747,1.0,1.0,1.0,0.5273656155453558,0.879417190778063,0.9885830120057252,0.9993195045924101,1.0,1.0,1.0
experiment/speed_of_sound,experiment/x_co2,il,il,6819,9536,0,True,True,6819,0.17358671248567142,,0.0,0.18633899812498247,0.408248290463863,0.75,1.0,1.0,1.0,0.5052928147968154,0.7270362461224102,0.7949856551575651,0.8997981040683329,0.9781153425568085,0.9984395050381961,1.0,0.2914257221022512,0.41228658891289355,0.5236480579756058,0.8015278674319042,0.9647815756833902,0.9973209460415966,1.0
experiment/static_relative_permittivity,experiment/density,il,il,65,100579,0,True,True,65,-0.26314868945460823,,0.6416889479197478,1.0,1.0,1.0,1.0,1.0,1.0,0.8746369684581654,0.9501539851290984,0.9997970520109484,1.0,1.0,1.0,1.0,0.749121379147108,0.9745143828144204,0.9999391156032844,1.0,1.0,1.0,1.0
experiment/static_relative_permittivity,experiment/dynamic_relative_permittivity,il,il,65,882,0,True,True,65,0.3183527181703708,,0.0,0.0,0.5303300858899106,1.0,1.0,1.0,1.0,0.740894791739124,0.788163136999915,0.8331980346739657,0.8331980346739657,0.8331980346739657,0.8333333333333334,0.8333333333333334,0.2499594104021897,0.25,0.6211904705251271,0.9499237330683795,0.9499594104021897,0.95,0.95
experiment/static_relative_permittivity,experiment/electrical_conductivity,il,il,65,9464,0,True,True,65,0.16672678976498742,,0.4330127018922193,0.6416889479197478,1.0,1.0,1.0,1.0,1.0,0.8689017301692413,0.9797568979077826,0.9997970520109484,1.0,1.0,1.0,1.0,0.603048006927838,0.7443613196141878,0.9995318515114588,1.0,1.0,1.0,1.0
experiment/static_relative_permittivity,experiment/equilibrium_pressure,il,il,65,2029,0,True,True,65,0.2840893541373866,,0.20672455764868075,0.2766416675862441,0.5516772843673705,1.0,1.0,1.0,1.0,0.37080418825274264,0.3768026679191122,0.454598534853728,0.46977033787637784,0.5016853912139683,0.6059260608624792,0.6648255396186067,0.31945319746861056,0.35977237271048,0.5322996784610341,0.8202162423607899,0.8392296710998696,0.8521409710526356,0.8817864870998696
experiment/static_relative_permittivity,experiment/glass_transition_temperature,il,il,65,793,0,True,True,65,-0.1927821762843619,,0.24999999999999997,0.3333333333333333,0.7844645405527362,1.0,1.0,1.0,1.0,0.5,0.5,0.5,0.5,0.5,0.5,0.5,0.32499999999999996,0.3833333333333333,0.6991251783869153,0.85,0.85,0.85,0.85
experiment/static_relative_permittivity,experiment/heat_capacity,il,il,65,15215,0,True,True,65,-0.3194953205641877,,0.39735970711951313,0.4629100498862757,0.9682458365518543,1.0,1.0,1.0,1.0,0.8344904437280158,0.9925455277658386,0.9997970520109484,0.9997970520109484,0.9998376350176268,1.0,1.0,0.5781517949836592,0.6218006932501445,0.9503471331184047,0.9999391156032844,0.9999391156032844,1.0,1.0
experiment/static_relative_permittivity,experiment/isobaric_coefficient_of_volume_expansion,il,il,65,894,0,True,True,65,0.4776843067273861,,0.0890870806374748,0.1749953154149298,0.30618621784789724,0.43994134506405985,1.0,1.0,1.0,0.6885272016547812,0.6965282901150183,0.6965282901150183,0.6967312381040698,0.9996186653418979,1.0,1.0,0.36230007204951686,0.4199574892818117,0.4735336181409645,0.5801895471574429,0.9065581604964343,0.9090071945518778,0.9090193714312209
experiment/static_relative_permittivity,experiment/melting_point,il,il,65,4688,0,True,True,65,-0.1554800105044185,,0.6416889479197478,0.8340528578404527,1.0,1.0,1.0,1.0,1.0,0.5,0.5,0.5,0.5,0.5,0.5,0.5,0.5991822635438234,0.7338370004883169,0.85,0.85,0.85,0.85,0.85
experiment/static_relative_permittivity,experiment/pec50,il,il,65,330,0,True,True,65,-0.6058547180271163,,0.2626128657194451,0.43585288061376704,0.5855400437691199,0.9229582069908973,1.0,1.0,1.0,0.5,0.5,0.5,0.5,0.5,0.5,0.5,0.33382900600361154,0.45509701642963685,0.5598780306383839,0.7960707448936281,0.85,0.85,0.85
experiment/static_relative_permittivity,experiment/refractive_index,il,il,65,10764,0,True,True,65,0.4072223592034265,,0.4330127018922193,0.6442818924773936,1.0,1.0,1.0,1.0,1.0,0.7129308759836844,0.7833694830306208,0.8330791102279319,0.8333333333333334,0.8333333333333334,0.8333333333333334,0.8333333333333334,0.5530277286040872,0.700948620511834,0.9459435877956197,0.95,0.95,0.95,0.95
experiment/static_relative_permittivity,experiment/self_diffusion_coefficient,il,il,65,382,0,True,True,65,0.11766028242168385,,0.0,0.15075567228888181,0.408248290463863,0.9198662110077999,1.0,1.0,1.0,0.9795232233960435,0.980146597948904,0.9804975922910865,0.9806927035261512,0.9869925021841,0.9995584925887043,1.0,0.3,0.4044299627912494,0.5799816143825495,0.9380556253927858,0.9941492776873259,0.99609775065523,0.9998782559193006
experiment/static_relative_permittivity,experiment/solvation,il,il_solute,65,23783,0,False,False,0,,incompatible_topology,,,,,,,,,,,,,,,,,,,,,
experiment/static_relative_permittivity,experiment/speed_of_sound,il,il,65,6819,0,True,True,65,0.4762467647270184,,0.4472135954999579,0.4629100498862757,0.816496580927726,1.0,1.0,1.0,1.0,0.9608195085789193,0.9932041149534706,0.9997970520109484,0.9997970520109484,1.0,1.0,1.0,0.6128742320558244,0.624037034920393,0.8714332062519776,0.9999391156032844,0.9999391156032844,1.0,1.0
experiment/static_relative_permittivity,experiment/static_relative_permittivity,il,il,65,65,0,True,False,0,,same_task_skipped,,,,,,,,,,,,,,,,,,,,,
experiment/static_relative_permittivity,experiment/surface_tension,il,il,65,10142,0,True,True,65,0.19330294241769694,,0.4803844614152614,0.659380473395787,1.0,1.0,1.0,1.0,1.0,0.596994439575792,0.6680037646627491,0.7485810927980756,0.7497970520109484,0.75,0.75,0.75,0.561269122990683,0.6742819991551815,0.9072756041366273,0.9249391156032845,0.9249999999999999,0.9249999999999999,0.9249999999999999
experiment/static_relative_permittivity,experiment/thermal_conductivity,il,il,65,1540,0,True,True,65,0.5869871618306348,,0.39735970711951313,0.4629100498862757,0.6846531968814576,1.0,1.0,1.0,1.0,0.9785471124116044,0.9801076073734083,0.9830511138062951,0.9923456055170858,0.9997970520109484,1.0,1.0,0.5781396161268157,0.6180693171324154,0.7749418934570775,0.9956846556400571,0.9998247152058538,1.0,1.0
experiment/static_relative_permittivity,experiment/thermal_decomposition_temperature,il,il,65,2775,0,True,True,65,-0.4595693690419025,,0.4472135954999579,0.5270462766947299,0.816496580927726,1.0,1.0,1.0,1.0,0.5,0.5,0.5,0.5,0.5,0.5,0.5,0.46304951684997053,0.5189323936863109,0.7215476066494082,0.85,0.85,0.85,0.85
experiment/static_relative_permittivity,experiment/transfer,il,il_solute,65,3079,0,False,False,0,,incompatible_topology,,,,,,,,,,,,,,,,,,,,,
experiment/static_relative_permittivity,experiment/transfer_organic,il,solute_solvent,65,1914,0,False,False,0,,incompatible_topology,,,,,,,,,,,,,,,,,,,,,
experiment/static_relative_permittivity,experiment/viscosity,il,il,65,39941,0,True,True,65,-0.22290612281140026,,0.4330127018922193,0.6984954684196113,1.0,1.0,1.0,1.0,1.0,0.7719560668079147,0.942665579568021,0.9997970520109484,1.0,1.0,1.0,1.0,0.603048006927838,0.7881785714104314,0.9999391156032844,1.0,1.0,1.0,1.0
experiment/static_relative_permittivity,experiment/x_co2,il,il,65,9536,0,True,True,65,-0.20627706869203447,,0.0,0.0,0.3535533905932738,1.0,1.0,1.0,1.0,0.5531143966225294,0.7933809126194044,0.9286765405060093,0.9598698708537337,0.9982365570491445,0.9995780757440875,0.9996186653418979,0.29982471520585385,0.2998855996025694,0.4973007121839654,0.9707805711449193,0.9973958361733388,0.9995673458175727,0.9998247152058538
experiment/surface_tension,experiment/density,il,il,10142,100579,0,True,True,10142,0.12172434410828013,,0.3779644730092272,1.0,1.0,1.0,1.0,1.0,1.0,0.27095153411904843,0.7370593358856742,0.7492697726745777,0.75,0.75,0.75,0.75,0.4870391494071987,0.9190322822120225,0.9247444515539264,0.9249999999999999,0.9249999999999999,0.9249999999999999,0.9249999999999999
experiment/surface_tension,experiment/dynamic_relative_permittivity,il,il,10142,882,0,True,True,10142,0.16992153840040874,,0.0,0.0,0.41522739926869984,0.6267831705280087,1.0,1.0,1.0,0.34228096147048626,0.538969806875169,0.5842091662086139,0.6167028163639542,0.6415457358056057,0.6666666666666666,0.6666666666666666,0.1582303670292644,0.19132957038901288,0.47694951798805263,0.627721037649906,0.8566582063752801,0.8960215214746816,0.8999999999999999
experiment/surface_tension,experiment/electrical_conductivity,il,il,10142,9464,0,True,True,10142,0.1342054240286578,,0.0,0.32732683535398854,0.6900655593423543,1.0,1.0,1.0,1.0,0.27095153411904843,0.6453156983319333,0.7391181473593117,0.749290042770647,0.75,0.75,0.75,0.22499999999999998,0.4494388426375747,0.7023451912806382,0.9108571279792897,0.924951290505288,0.9249999999999999,0.9249999999999999
experiment/surface_tension,experiment/equilibrium_pressure,il,il,10142,2029,0,True,True,10142,-0.008100772933600705,,0.0,0.11547005383792515,0.42008402520840293,0.6172133998483676,1.0,1.0,1.0,0.09538796692999099,0.31976077932541735,0.47611880224886305,0.5970012183728106,0.7272758493506909,0.9602152147468166,1.0,0.20809526043584484,0.30764456785786465,0.4756695706364318,0.6210912575729967,0.8285636879864405,0.9153054158897532,1.0
experiment/surface_tension,experiment/glass_transition_temperature,il,il,10142,793,0,True,True,10142,0.038444516891280756,,0.05337605126836238,0.2792848008753788,0.5222329678670935,0.7656414934887764,1.0,1.0,1.0,0.5,0.5,0.5,0.5,0.5,0.5,0.5,0.18736323588785367,0.34549936061276515,0.5155630775069654,0.6859490454421435,0.85,0.85,0.85
experiment/surface_tension,experiment/heat_capacity,il,il,10142,15215,0,True,True,10142,-0.6090020226560049,,0.0,0.3295017884191656,0.6382847385042254,1.0,1.0,1.0,1.0,0.2634159944963177,0.6755722284010452,0.7425455277658386,0.7493914031267263,0.75,0.75,0.75,0.22497564327514386,0.45337163684004467,0.6651617822998919,0.9068595667653245,0.9248782559193007,0.9249999999999999,0.9249999999999999
experiment/surface_tension,experiment/isobaric_coefficient_of_volume_expansion,il,il,10142,894,0,True,True,10142,-0.2891189131228062,,0.0,0.0,0.30151134457776363,0.46770717334674267,0.6793662204867574,1.0,1.0,0.27014249915741156,0.583162287878038,0.675995733397755,0.7301076073734083,0.7452725437191179,0.75,0.75,0.17921673183580378,0.22499999999999998,0.42397129753121443,0.5285820472822957,0.6960018829204953,0.9231811701550655,0.9249999999999999
experiment/surface_tension,experiment/melting_point,il,il,10142,4688,0,True,True,10142,-0.1387053151804698,,0.12156613477096616,0.39735970711951313,0.6813851438692469,1.0,1.0,1.0,1.0,0.5,0.5,0.5,0.5,0.5,0.5,0.5,0.2350962943396763,0.4281517949836592,0.6269696007084727,0.85,0.85,0.85,0.85
experiment/surface_tension,experiment/pec50,il,il,10142,330,0,True,True,10142,-0.345704129752707,,0.0,0.24253562503633297,0.47188140965429853,0.7608859102526822,1.0,1.0,1.0,0.5,0.5,0.5,0.5,0.5,0.5,0.5,0.15,0.31977493752543307,0.48031698675800893,0.6826201371768775,0.85,0.85,0.85
experiment/surface_tension,experiment/refractive_index,il,il,10142,10764,0,True,True,10142,0.3399199853546005,,0.09759000729485331,0.3872983346207417,0.7559289460184544,1.0,1.0,1.0,1.0,0.34429915869061606,0.5946886236732742,0.6604529463964227,0.6663961242651125,0.6666666666666666,0.6666666666666666,0.6666666666666666,0.2668061149316998,0.464575131106459,0.7243743994006953,0.8985171047159897,0.8999999999999999,0.8999999999999999,0.8999999999999999
experiment/surface_tension,experiment/self_diffusion_coefficient,il,il,10142,382,0,True,True,10142,-0.18416847582627935,,0.0,0.0,0.3120938919661796,0.5547001962252291,0.9198662110077999,1.0,1.0,0.2746457191919809,0.6529540283801138,0.7295232233960435,0.7355963170256392,0.7493914031267263,0.75,0.75,0.21951256794431387,0.22499999999999998,0.42937958093230055,0.6079175357944717,0.8575062395935752,0.9247073724331594,0.9249999999999999
experiment/surface_tension,experiment/solvation,il,il_solute,10142,23783,0,False,False,0,,incompatible_topology,,,,,,,,,,,,,,,,,,,,,
experiment/surface_tension,experiment/speed_of_sound,il,il,10142,6819,0,True,True,10142,0.548001156878665,,0.0,0.31982188137855677,0.5423261445466404,0.8717797887081347,1.0,1.0,1.0,0.26934113415397154,0.645075026040046,0.7378786520725129,0.7495130632100834,0.75,0.75,0.75,0.22494155050460185,0.44490822777815425,0.6017333526746256,0.8273065570785321,0.9247930938600148,0.9249999999999999,0.9249999999999999
experiment/surface_tension,experiment/static_relative_permittivity,il,il,10142,65,0,True,True,10142,0.06482088705216649,,0.0,0.0,0.34156502553198664,0.5477225575051661,0.9797958971132712,1.0,1.0,0.2634159944963177,0.5661939999287702,0.6342489015143211,0.6839466694670834,0.7301076073734083,0.7498356058672925,0.75,0.1710892085238312,0.22499999999999998,0.4454008233711454,0.5875138655004812,0.8600362404793238,0.9189738200879556,0.9249999999999999
experiment/surface_tension,experiment/surface_tension,il,il,10142,10142,0,True,False,0,,same_task_skipped,,,,,,,,,,,,,,,,,,,,,
experiment/surface_tension,experiment/thermal_conductivity,il,il,10142,1540,0,True,True,10142,0.45251568935761605,,0.0,0.0,0.454858826147342,0.7416198487095663,1.0,1.0,1.0,0.27829360676305476,0.6778693799572368,0.730302560250887,0.7427455311951794,0.7497970520109482,0.75,0.75,0.21903228221202248,0.22499999999999998,0.5380495168499705,0.7383417051545418,0.9190322822120225,0.9249391156032845,0.9249999999999999
experiment/surface_tension,experiment/thermal_decomposition_temperature,il,il,10142,2775,0,True,True,10142,-0.09890292133176971,,0.09304842103984709,0.3651483716701107,0.6642111641550714,0.9198662110077999,1.0,1.0,1.0,0.5,0.5,0.5,0.5,0.5,0.5,0.5,0.21513389472789296,0.40560386016907746,0.61494781490855,0.7939063477054599,0.85,0.85,0.85
experiment/surface_tension,experiment/transfer,il,il_solute,10142,3079,0,False,False,0,,incompatible_topology,,,,,,,,,,,,,,,,,,,,,
experiment/surface_tension,experiment/transfer_organic,il,solute_solvent,10142,1914,0,False,False,0,,incompatible_topology,,,,,,,,,,,,,,,,,,,,,
experiment/surface_tension,experiment/viscosity,il,il,10142,39941,0,True,True,10142,-0.00028970113082666006,,0.17541160386140583,0.5477225575051661,1.0,1.0,1.0,1.0,1.0,0.26934113415397154,0.6924859033896296,0.7463595124479732,0.7497970520109484,0.75,0.75,0.75,0.3476055436410019,0.6021711342562273,0.9138702443033669,0.9248782559193007,0.9249999999999999,0.9249999999999999,0.9249999999999999
experiment/surface_tension,experiment/x_co2,il,il,10142,9536,0,True,True,10142,-0.14921428784717752,,0.0,0.0,0.4366048630856106,0.7071067811865476,1.0,1.0,1.0,0.27097706727415544,0.6741630109598749,0.730302560250887,0.7476104557598556,0.7499188109171462,0.75,0.75,0.21903228221202248,0.22499999999999998,0.525083849101134,0.7159022758237898,0.9193249491128568,0.9249999999999999,0.9249999999999999
experiment/thermal_conductivity,experiment/density,il,il,1540,100579,0,True,True,1540,-0.5258314334535789,,0.4264014327112209,1.0,1.0,1.0,1.0,1.0,1.0,0.6063485797851348,0.9386301680066071,0.9961555167745256,1.0,1.0,1.0,1.0,0.5863121549954309,0.956327932623424,0.9986420978146766,0.9999878211431568,1.0,1.0,1.0
experiment/thermal_conductivity,experiment/dynamic_relative_permittivity,il,il,1540,882,0,True,True,1540,0.4532195802563003,,0.0,0.33741960881055383,0.5255614462264054,0.9198662110077999,1.0,1.0,1.0,0.449224152054186,0.5340502751916284,0.5978080600035813,0.7500319010413974,0.7951103863786807,0.8217718598939491,0.8333333333333334,0.15266017755873132,0.43875666352847786,0.6130979758760153,0.8525697200765521,0.9239642491341798,0.9460215214746817,0.95
experiment/thermal_conductivity,experiment/electrical_conductivity,il,il,1540,9464,0,True,True,1540,0.13407205806511763,,0.3592106040535498,0.5256939628599935,1.0,1.0,1.0,1.0,1.0,0.5540371727484957,0.6063485797851348,0.6967312381040698,0.9958479843550383,0.9995536231571631,1.0,1.0,0.5367174794373544,0.6499999999999999,0.885844426329139,0.9938626578410539,0.9997566106494092,1.0,1.0
experiment/thermal_conductivity,experiment/equilibrium_pressure,il,il,1540,2029,0,True,True,1540,0.3273040421036033,,0.1889822365046136,0.21207902122647068,0.43994134506405985,0.7791937224739796,1.0,1.0,1.0,0.3637132783269805,0.3919746980393166,0.45998420393669315,0.504542052690526,0.5701153946429798,0.6980790910279767,0.7494725065561623,0.29165367129118547,0.3336636662644743,0.4641444426093288,0.6830866984552109,0.8432404327204998,0.8791211588736801,0.9248174209380178
experiment/thermal_conductivity,experiment/glass_transition_temperature,il,il,1540,793,0,True,True,1540,0.042493666855213774,,0.24999999999999997,0.3779644730092272,0.5619514869490163,0.9733285267845752,1.0,1.0,1.0,0.5,0.5,0.5,0.5,0.5,0.5,0.5,0.32499999999999996,0.41457513110645905,0.5433660408643114,0.8313299687492026,0.85,0.85,0.85
experiment/thermal_conductivity,experiment/heat_capacity,il,il,1540,15215,0,True,True,1540,-0.5883759692491377,,0.3779644730092272,0.5356222518425019,1.0,1.0,1.0,1.0,1.0,0.5059696712120658,0.6077795003666993,0.8919056306685837,0.9982365570491445,1.0,1.0,1.0,0.5581585930277768,0.6202171715401837,0.889850241843434,0.9987266040260145,0.999866086947149,1.0,1.0
experiment/thermal_conductivity,experiment/isobaric_coefficient_of_volume_expansion,il,il,1540,894,0,True,True,1540,-0.2641905337519907,,0.0,0.22941573387056177,0.3964124835860459,0.5229763603684908,1.0,1.0,1.0,0.5133008877936566,0.6211971522975449,0.6774239416302211,0.8763137493129207,0.9799517067935416,0.9865830261645758,1.0,0.2813219613609485,0.4303210996800372,0.5403828633041083,0.6016592512568066,0.9032271824890663,0.9940322822120224,0.999866086947149
experiment/thermal_conductivity,experiment/melting_point,il,il,1540,4688,0,True,True,1540,-0.07049663487778685,,0.338501600193165,0.44617298736052113,0.8660254037844386,1.0,1.0,1.0,1.0,0.5,0.5,0.5,0.5,0.5,0.5,0.5,0.3869511201352155,0.4623210911523648,0.756217782649107,0.85,0.85,0.85,0.85
experiment/thermal_conductivity,experiment/pec50,il,il,1540,330,0,True,True,1540,-0.46698130160194035,,0.19245008972987526,0.21873931962990356,0.5400617248673217,1.0,1.0,1.0,1.0,0.5,0.5,0.5,0.5,0.5,0.5,0.5,0.28471506281091263,0.3031175237409325,0.5280432074071252,0.85,0.85,0.85,0.85
experiment/thermal_conductivity,experiment/refractive_index,il,il,1540,10764,0,True,True,1540,0.7232411339778472,,0.3872983346207417,0.45,1.0,1.0,1.0,1.0,1.0,0.5449034727338482,0.5722732221462811,0.6110696550879758,0.8302353188180668,0.8331777448181417,0.8333333333333334,0.8333333333333334,0.4992733826603626,0.5648782806253453,0.8748618439228997,0.9458654798052871,0.9498782806253452,0.95,0.95
experiment/thermal_conductivity,experiment/self_diffusion_coefficient,il,il,1540,382,0,True,True,1540,-0.2609012543539287,,0.0,0.19245008972987526,0.408248290463863,0.8366600265340756,1.0,1.0,1.0,0.46166911659239007,0.605739982911861,0.6659958857586898,0.9787420652890831,0.9978309081649224,1.0,1.0,0.19164636806965113,0.4284369234940493,0.4823437341222734,0.8347787861163497,0.9806792411986793,1.0,1.0
experiment/thermal_conductivity,experiment/solvation,il,il_solute,1540,23783,0,False,False,0,,incompatible_topology,,,,,,,,,,,,,,,,,,,,,
experiment/thermal_conductivity,experiment/speed_of_sound,il,il,1540,6819,0,True,True,1540,0.8475660797849691,,0.2418254167033372,0.2958039891549808,0.7844645405527362,1.0,1.0,1.0,1.0,0.5540371727484957,0.8665163110883698,0.9878232137467114,0.9989860834781741,1.0,1.0,1.0,0.4565848501910773,0.5054443551621924,0.8491251783869154,0.9981375180378256,1.0,1.0,1.0
experiment/thermal_conductivity,experiment/static_relative_permittivity,il,il,1540,65,0,True,True,1540,0.22823217884473607,,0.15536386656646636,0.20942695414584775,0.47188140965429853,0.7844645405527362,1.0,1.0,1.0,0.42371640817884637,0.5557412305944796,0.6465172162584822,0.8750589289213446,0.942665579568021,0.9859634253490064,1.0,0.3543225985285964,0.4131994758067637,0.56183750010784,0.7890070409121941,0.9454651461015474,0.9938598877525437,1.0
experiment/thermal_conductivity,experiment/surface_tension,il,il,1540,10142,0,True,True,1540,0.5356351687481231,,0.35856858280031806,0.4812265031857878,1.0,1.0,1.0,1.0,1.0,0.4861630486544121,0.6647581810083948,0.7430126628745062,0.7493914031267263,0.75,0.75,0.75,0.45232195350764043,0.5443597261879745,0.919090768075266,0.9248174209380178,0.9249999999999999,0.9249999999999999,0.9249999999999999
experiment/thermal_conductivity,experiment/thermal_conductivity,il,il,1540,1540,0,True,False,0,,same_task_skipped,,,,,,,,,,,,,,,,,,,,,
experiment/thermal_conductivity,experiment/thermal_decomposition_temperature,il,il,1540,2775,0,True,True,1540,-0.36947119411230217,,0.3779644730092272,0.45158534461050753,0.9198662110077999,1.0,1.0,1.0,1.0,0.5,0.5,0.5,0.5,0.5,0.5,0.5,0.41457513110645905,0.46610974122735527,0.7939063477054599,0.85,0.85,0.85,0.85
experiment/thermal_conductivity,experiment/transfer,il,il_solute,1540,3079,0,False,False,0,,incompatible_topology,,,,,,,,,,,,,,,,,,,,,
experiment/thermal_conductivity,experiment/transfer_organic,il,solute_solvent,1540,1914,0,False,False,0,,incompatible_topology,,,,,,,,,,,,,,,,,,,,,
experiment/thermal_conductivity,experiment/viscosity,il,il,1540,39941,0,True,True,1540,0.023518469827750074,,0.4264014327112209,1.0,1.0,1.0,1.0,1.0,1.0,0.6061456317960829,0.61325532720485,0.99095693487056,0.9984395050381961,1.0,1.0,1.0,0.5858440065068897,0.8839765981614549,0.9935824924382722,0.9995318515114588,1.0,1.0,1.0
experiment/thermal_conductivity,experiment/x_co2,il,il,1540,9536,0,True,True,1540,-0.03511636134148218,,0.0,0.26427498905736396,0.5976143046671968,1.0,1.0,1.0,1.0,0.5424186261104565,0.7168716137868528,0.8473284680255047,0.9394369565451068,0.9796680312612771,0.9984395050381961,1.0,0.29469390918856536,0.46045662872510135,0.707149572936933,0.9507224830987606,0.9879793195666178,0.998086350950429,1.0
experiment/thermal_decomposition_temperature,experiment/density,il,il,2775,100579,0,True,True,2775,0.29935407019993476,,0.0,0.31277162108561213,0.5,0.6642111641550714,1.0,1.0,1.0,0.5,0.5,0.5,0.5,0.5,0.5,0.5,0.15,0.3689401347599285,0.5,0.61494781490855,0.85,0.85,0.85
experiment/thermal_decomposition_temperature,experiment/dynamic_relative_permittivity,il,il,2775,882,0,True,True,2775,-0.21466980779087222,,0.0,0.0,0.20701966780270625,0.3492151478847891,0.5,0.747545001596402,1.0,0.5,0.5,0.5,0.5,0.5,0.5,0.5,0.15,0.15,0.29491376746189435,0.39445060351935235,0.5,0.6732815011174814,0.85
experiment/thermal_decomposition_temperature,experiment/electrical_conductivity,il,il,2775,9464,0,True,True,2775,0.10891486280436878,,0.0,0.184768510738316,0.3592106040535498,0.4855041562276122,0.6382847385042254,1.0,1.0,0.5,0.5,0.5,0.5,0.5,0.5,0.5,0.15,0.27933795751682117,0.4014474228374848,0.48985290935932857,0.5967993169529577,0.85,0.85
experiment/thermal_decomposition_temperature,experiment/equilibrium_pressure,il,il,2775,2029,0,True,True,2775,-0.10570449762978086,,0.0,0.09684577396633585,0.21644599232671244,0.3535533905932738,0.5057805388588732,0.7453559924999299,1.0,0.5,0.5,0.5,0.5,0.5,0.5,0.5,0.15,0.2177920417764351,0.3015121946286987,0.3974873734152916,0.5040463772012113,0.6717491947499509,0.85
experiment/thermal_decomposition_temperature,experiment/glass_transition_temperature,il,il,2775,793,0,True,True,2775,-0.1895698819566539,,0.0,0.2439750182371333,0.41010248535210087,0.5497252060782752,0.7453559924999299,1.0,1.0,0.5,0.5,0.5,0.5,0.5,0.5,0.5,0.15,0.3207825127659933,0.4370717397464706,0.5348076442547927,0.6717491947499509,0.85,0.85
experiment/thermal_decomposition_temperature,experiment/heat_capacity,il,il,2775,15215,0,True,True,2775,0.17695562440996848,,0.0,0.14744195615489714,0.30618621784789724,0.4472135954999579,0.6064788058201674,1.0,1.0,0.5,0.5,0.5,0.5,0.5,0.5,0.5,0.15,0.25320936930842797,0.3643303524935281,0.46304951684997053,0.5745351640741172,0.85,0.85
experiment/thermal_decomposition_temperature,experiment/isobaric_coefficient_of_volume_expansion,il,il,2775,894,0,True,True,2775,-0.13629660429474355,,0.0,0.04831528997561443,0.16242934845519735,0.27386127875258304,0.43495883620084,0.6172133998483676,1.0,0.5,0.5,0.5,0.5,0.5,0.5,0.5,0.15,0.18382070298293007,0.2637005439186381,0.34170289512680807,0.45447118534058795,0.5820493798938573,0.85
experiment/thermal_decomposition_temperature,experiment/melting_point,il,il,2775,4688,0,True,True,2775,-0.11604044708003775,,0.0,0.3380617018914066,0.5345224838248488,0.7276068751089989,1.0,1.0,1.0,0.5,0.5,0.5,0.5,0.5,0.5,0.5,0.15,0.3866431913239846,0.5241657386773941,0.6593248125762993,0.85,0.85,0.85
experiment/thermal_decomposition_temperature,experiment/pec50,il,il,2775,330,0,True,True,2775,0.29916561959050275,,0.0,0.13953384341854322,0.27128996670341826,0.4330127018922193,0.5773502691896257,0.8230548917531015,1.0,0.5,0.5,0.5,0.5,0.5,0.5,0.5,0.15,0.24767369039298023,0.3399029766923928,0.45310889132455345,0.554145188432738,0.726138424227171,0.85
experiment/thermal_decomposition_temperature,experiment/refractive_index,il,il,2775,10764,0,True,True,2775,-0.3483361096141926,,0.0,0.1846372364689991,0.3592106040535498,0.4812265031857878,0.6421867674184496,1.0,1.0,0.5,0.5,0.5,0.5,0.5,0.5,0.5,0.15,0.27924606552829934,0.4014474228374848,0.4868585522300515,0.5995307371929147,0.85,0.85
experiment/thermal_decomposition_temperature,experiment/self_diffusion_coefficient,il,il,2775,382,0,True,True,2775,-0.02673982212283579,,0.0,0.0,0.14142135623730953,0.27386127875258304,0.4629100498862757,0.7028764419489985,1.0,0.5,0.5,0.5,0.5,0.5,0.5,0.5,0.15,0.15,0.24899494936611666,0.34170289512680807,0.47403703492039295,0.6420135093642989,0.85
experiment/thermal_decomposition_temperature,experiment/solvation,il,il_solute,2775,23783,0,False,False,0,,incompatible_topology,,,,,,,,,,,,,,,,,,,,,
experiment/thermal_decomposition_temperature,experiment/speed_of_sound,il,il,2775,6819,0,True,True,2775,-0.34949732235583614,,0.0,0.13896352676312487,0.2736170867479365,0.4034732923929645,0.5583951726988323,0.8245620255904172,1.0,0.5,0.5,0.5,0.5,0.5,0.5,0.5,0.15,0.2472744687341874,0.3415319607235555,0.43243130467507507,0.5408766208891826,0.727193417913292,0.85
experiment/thermal_decomposition_temperature,experiment/static_relative_permittivity,il,il,2775,65,0,True,True,2775,-0.3192886150525401,,0.0,0.04845318802776798,0.18569533817705186,0.30151134457776363,0.4803844614152614,0.6894613741258637,1.0,0.5,0.5,0.5,0.5,0.5,0.5,0.5,0.15,0.18391723161943757,0.27998673672393626,0.3610579412044345,0.4862691229906829,0.6326229618881046,0.85
experiment/thermal_decomposition_temperature,experiment/surface_tension,il,il,2775,10142,0,True,True,2775,-0.08079771104896484,,0.0,0.18872368332617795,0.3834824944236852,0.5,0.6666666666666666,1.0,1.0,0.5,0.5,0.5,0.5,0.5,0.5,0.5,0.15,0.2821065783283246,0.4184377460965796,0.5,0.6166666666666666,0.85,0.85
experiment/thermal_decomposition_temperature,experiment/thermal_conductivity,il,il,2775,1540,0,True,True,2775,-0.38635169342254955,,0.0,0.07104540260057403,0.23948684804417303,0.3651483716701107,0.5345224838248488,0.7825545341452202,1.0,0.5,0.5,0.5,0.5,0.5,0.5,0.5,0.15,0.1997317818204018,0.31764079363092107,0.40560386016907746,0.5241657386773941,0.6977881739016543,0.85
experiment/thermal_decomposition_temperature,experiment/thermal_decomposition_temperature,il,il,2775,2775,0,True,False,0,,same_task_skipped,,,,,,,,,,,,,,,,,,,,,
experiment/thermal_decomposition_temperature,experiment/transfer,il,il_solute,2775,3079,0,False,False,0,,incompatible_topology,,,,,,,,,,,,,,,,,,,,,
experiment/thermal_decomposition_temperature,experiment/transfer_organic,il,solute_solvent,2775,1914,0,False,False,0,,incompatible_topology,,,,,,,,,,,,,,,,,,,,,
experiment/thermal_decomposition_temperature,experiment/viscosity,il,il,2775,39941,0,True,True,2775,-0.021380618601996318,,0.0,0.26537618978671484,0.46499055497527714,0.6201736729460423,0.8776840424803545,1.0,1.0,0.5,0.5,0.5,0.5,0.5,0.5,0.5,0.15,0.33576333285070037,0.47549338848269396,0.5841215710622296,0.7643788297362482,0.85,0.85
experiment/thermal_decomposition_temperature,experiment/x_co2,il,il,2775,9536,0,True,True,2775,0.014793145578895285,,0.0,0.0,0.2021912889234352,0.3415650255319866,0.5125930451683132,0.7886578425234625,1.0,0.5,0.5,0.5,0.5,0.5,0.5,0.5,0.15,0.15,0.29153390224640463,0.3890955178723906,0.5088151316178191,0.7020604897664238,0.85
experiment/transfer,experiment/density,il_solute,il,3079,100579,0,False,False,0,,incompatible_topology,,,,,,,,,,,,,,,,,,,,,
experiment/transfer,experiment/dynamic_relative_permittivity,il_solute,il,3079,882,0,False,False,0,,incompatible_topology,,,,,,,,,,,,,,,,,,,,,
experiment/transfer,experiment/electrical_conductivity,il_solute,il,3079,9464,0,False,False,0,,incompatible_topology,,,,,,,,,,,,,,,,,,,,,
experiment/transfer,experiment/equilibrium_pressure,il_solute,il,3079,2029,0,False,False,0,,incompatible_topology,,,,,,,,,,,,,,,,,,,,,
experiment/transfer,experiment/glass_transition_temperature,il_solute,il,3079,793,0,False,False,0,,incompatible_topology,,,,,,,,,,,,,,,,,,,,,
experiment/transfer,experiment/heat_capacity,il_solute,il,3079,15215,0,False,False,0,,incompatible_topology,,,,,,,,,,,,,,,,,,,,,
experiment/transfer,experiment/isobaric_coefficient_of_volume_expansion,il_solute,il,3079,894,0,False,False,0,,incompatible_topology,,,,,,,,,,,,,,,,,,,,,
experiment/transfer,experiment/melting_point,il_solute,il,3079,4688,0,False,False,0,,incompatible_topology,,,,,,,,,,,,,,,,,,,,,
experiment/transfer,experiment/pec50,il_solute,il,3079,330,0,False,False,0,,incompatible_topology,,,,,,,,,,,,,,,,,,,,,
experiment/transfer,experiment/refractive_index,il_solute,il,3079,10764,0,False,False,0,,incompatible_topology,,,,,,,,,,,,,,,,,,,,,
experiment/transfer,experiment/self_diffusion_coefficient,il_solute,il,3079,382,0,False,False,0,,incompatible_topology,,,,,,,,,,,,,,,,,,,,,
experiment/transfer,experiment/solvation,il_solute,il_solute,3079,23783,0,True,True,3079,0.2889720943298798,,1.0,1.0,1.0,1.0,1.0,1.0,1.0,1.0,1.0,1.0,1.0,1.0,1.0,1.0,1.0,1.0,1.0,1.0,1.0,1.0,1.0
experiment/transfer,experiment/speed_of_sound,il_solute,il,3079,6819,0,False,False,0,,incompatible_topology,,,,,,,,,,,,,,,,,,,,,
experiment/transfer,experiment/static_relative_permittivity,il_solute,il,3079,65,0,False,False,0,,incompatible_topology,,,,,,,,,,,,,,,,,,,,,
experiment/transfer,experiment/surface_tension,il_solute,il,3079,10142,0,False,False,0,,incompatible_topology,,,,,,,,,,,,,,,,,,,,,
experiment/transfer,experiment/thermal_conductivity,il_solute,il,3079,1540,0,False,False,0,,incompatible_topology,,,,,,,,,,,,,,,,,,,,,
experiment/transfer,experiment/thermal_decomposition_temperature,il_solute,il,3079,2775,0,False,False,0,,incompatible_topology,,,,,,,,,,,,,,,,,,,,,
experiment/transfer,experiment/transfer,il_solute,il_solute,3079,3079,0,True,False,0,,same_task_skipped,,,,,,,,,,,,,,,,,,,,,
experiment/transfer,experiment/transfer_organic,il_solute,solute_solvent,3079,1914,0,False,False,0,,incompatible_topology,,,,,,,,,,,,,,,,,,,,,
experiment/transfer,experiment/viscosity,il_solute,il,3079,39941,0,False,False,0,,incompatible_topology,,,,,,,,,,,,,,,,,,,,,
experiment/transfer,experiment/x_co2,il_solute,il,3079,9536,0,False,False,0,,incompatible_topology,,,,,,,,,,,,,,,,,,,,,
experiment/transfer_organic,experiment/density,solute_solvent,il,1914,100579,0,False,False,0,,incompatible_topology,,,,,,,,,,,,,,,,,,,,,
experiment/transfer_organic,experiment/dynamic_relative_permittivity,solute_solvent,il,1914,882,0,False,False,0,,incompatible_topology,,,,,,,,,,,,,,,,,,,,,
experiment/transfer_organic,experiment/electrical_conductivity,solute_solvent,il,1914,9464,0,False,False,0,,incompatible_topology,,,,,,,,,,,,,,,,,,,,,
experiment/transfer_organic,experiment/equilibrium_pressure,solute_solvent,il,1914,2029,0,False,False,0,,incompatible_topology,,,,,,,,,,,,,,,,,,,,,
experiment/transfer_organic,experiment/glass_transition_temperature,solute_solvent,il,1914,793,0,False,False,0,,incompatible_topology,,,,,,,,,,,,,,,,,,,,,
experiment/transfer_organic,experiment/heat_capacity,solute_solvent,il,1914,15215,0,False,False,0,,incompatible_topology,,,,,,,,,,,,,,,,,,,,,
experiment/transfer_organic,experiment/isobaric_coefficient_of_volume_expansion,solute_solvent,il,1914,894,0,False,False,0,,incompatible_topology,,,,,,,,,,,,,,,,,,,,,
experiment/transfer_organic,experiment/melting_point,solute_solvent,il,1914,4688,0,False,False,0,,incompatible_topology,,,,,,,,,,,,,,,,,,,,,
experiment/transfer_organic,experiment/pec50,solute_solvent,il,1914,330,0,False,False,0,,incompatible_topology,,,,,,,,,,,,,,,,,,,,,
experiment/transfer_organic,experiment/refractive_index,solute_solvent,il,1914,10764,0,False,False,0,,incompatible_topology,,,,,,,,,,,,,,,,,,,,,
experiment/transfer_organic,experiment/self_diffusion_coefficient,solute_solvent,il,1914,382,0,False,False,0,,incompatible_topology,,,,,,,,,,,,,,,,,,,,,
experiment/transfer_organic,experiment/solvation,solute_solvent,il_solute,1914,23783,0,False,False,0,,incompatible_topology,,,,,,,,,,,,,,,,,,,,,
experiment/transfer_organic,experiment/speed_of_sound,solute_solvent,il,1914,6819,0,False,False,0,,incompatible_topology,,,,,,,,,,,,,,,,,,,,,
experiment/transfer_organic,experiment/static_relative_permittivity,solute_solvent,il,1914,65,0,False,False,0,,incompatible_topology,,,,,,,,,,,,,,,,,,,,,
experiment/transfer_organic,experiment/surface_tension,solute_solvent,il,1914,10142,0,False,False,0,,incompatible_topology,,,,,,,,,,,,,,,,,,,,,
experiment/transfer_organic,experiment/thermal_conductivity,solute_solvent,il,1914,1540,0,False,False,0,,incompatible_topology,,,,,,,,,,,,,,,,,,,,,
experiment/transfer_organic,experiment/thermal_decomposition_temperature,solute_solvent,il,1914,2775,0,False,False,0,,incompatible_topology,,,,,,,,,,,,,,,,,,,,,
experiment/transfer_organic,experiment/transfer,solute_solvent,il_solute,1914,3079,0,False,False,0,,incompatible_topology,,,,,,,,,,,,,,,,,,,,,
experiment/transfer_organic,experiment/transfer_organic,solute_solvent,solute_solvent,1914,1914,0,True,False,0,,same_task_skipped,,,,,,,,,,,,,,,,,,,,,
experiment/transfer_organic,experiment/viscosity,solute_solvent,il,1914,39941,0,False,False,0,,incompatible_topology,,,,,,,,,,,,,,,,,,,,,
experiment/transfer_organic,experiment/x_co2,solute_solvent,il,1914,9536,0,False,False,0,,incompatible_topology,,,,,,,,,,,,,,,,,,,,,
experiment/viscosity,experiment/density,il,il,39941,100579,0,True,True,39941,-0.10060300607822881,,0.24253562503633297,1.0,1.0,1.0,1.0,1.0,1.0,0.5574060693698843,0.9083092645897324,0.9989860834781741,1.0,1.0,1.0,1.0,0.41400978589285775,0.9527102828849063,0.9994043974013838,1.0,1.0,1.0,1.0
experiment/viscosity,experiment/dynamic_relative_permittivity,il,il,39941,882,0,True,True,39941,-0.20182929132812086,,0.0,0.16984155512168936,0.43994134506405985,0.6267831705280087,1.0,1.0,1.0,0.3432712442707815,0.5588312719563663,0.7313108441811725,0.7720956890009419,0.807462550689834,0.8331980346739654,0.8333333333333334,0.16087534564806236,0.3529958208402536,0.5347375980248361,0.6691968772277788,0.8720161134528336,0.9457094224823208,0.95
experiment/viscosity,experiment/electrical_conductivity,il,il,39941,9464,0,True,True,39941,-0.6755122132944417,,0.0,0.32897584747988445,0.6846531968814576,1.0,1.0,1.0,1.0,0.38769918797481046,0.7912984246353638,0.9801076073734083,0.9993914031267263,1.0,1.0,1.0,0.3,0.5248154479005479,0.7736916996128456,0.9826380309378275,0.9999912097835204,1.0,1.0
experiment/viscosity,experiment/equilibrium_pressure,il,il,39941,2029,0,True,True,39941,-0.10317388005737847,,0.0,0.1533929977694741,0.408248290463863,0.6324555320336759,1.0,1.0,1.0,0.2962824508207751,0.39140234961860243,0.471904113567145,0.5345841285744386,0.6126354309682497,0.7362275801171569,0.75,0.1748675652904886,0.27837781898381997,0.4422291371401471,0.6034713114863047,0.8286106250067338,0.8854640346626084,0.9249999999999999
experiment/viscosity,experiment/glass_transition_temperature,il,il,39941,793,0,True,True,39941,0.2600341854214358,,0.0,0.3157769778104473,0.5222329678670935,0.7559289460184544,1.0,1.0,1.0,0.5,0.5,0.5,0.5,0.5,0.5,0.5,0.15,0.37104388446731307,0.5155630775069654,0.6791502622129181,0.85,0.85,0.85
experiment/viscosity,experiment/heat_capacity,il,il,39941,15215,0,True,True,39941,0.08991788435537836,,0.0,0.28097574347450816,0.5773502691896257,1.0,1.0,1.0,1.0,0.38769918797481046,0.675762547928298,0.9801076073734083,0.9992121730099471,1.0,1.0,1.0,0.2869609895998298,0.49333434777366925,0.6980966368994492,0.9036818009498466,0.9996715177099675,1.0,1.0
experiment/viscosity,experiment/isobaric_coefficient_of_volume_expansion,il,il,39941,894,0,True,True,39941,0.10544962184709761,,0.0,0.12666009927622474,0.2984440079997103,0.43994134506405985,0.6614378277661477,1.0,1.0,0.2772848815553315,0.6762248492656965,0.6913607757703086,0.8465439411021899,0.942665579568021,0.9992805190810284,1.0,0.16631301847209354,0.3585708622859054,0.46126269035241685,0.5572006201312854,0.6980229418534843,0.925224129808633,1.0
experiment/viscosity,experiment/melting_point,il,il,39941,4688,0,True,True,39941,0.22918496303121924,,0.125,0.45883146774112354,0.7453559924999299,1.0,1.0,1.0,1.0,0.5,0.5,0.5,0.5,0.5,0.5,0.5,0.2375,0.47118202741878645,0.6717491947499509,0.85,0.85,0.85,0.85
experiment/viscosity,experiment/pec50,il,il,39941,330,0,True,True,39941,0.03449121046011956,,0.0,0.2212488394343549,0.4803844614152614,0.7254762501100116,1.0,1.0,1.0,0.5,0.5,0.5,0.5,0.5,0.5,0.5,0.15,0.3048741876040484,0.4862691229906829,0.6578333750770081,0.85,0.85,0.85
experiment/viscosity,experiment/refractive_index,il,il,39941,10764,0,True,True,39941,0.19426700392984345,,0.0,0.3713906763541037,0.674199862463242,1.0,1.0,1.0,1.0,0.3894717923353279,0.5955513015191086,0.8073377528770918,0.8329276020844842,0.8333333333333334,0.8333333333333334,0.8333333333333334,0.22279848145280795,0.5018204929109821,0.714327470649756,0.9286759647696367,0.9499918807621044,0.95,0.95
experiment/viscosity,experiment/self_diffusion_coefficient,il,il,39941,382,0,True,True,39941,-0.5421860020146423,,0.0,0.07312724241271307,0.282842712474619,0.5222329678670935,0.8997354108424374,1.0,1.0,0.264827186443843,0.6404809480508629,0.9613810987671139,0.9806927035261512,0.9991887021646976,1.0,1.0,0.19387447741924785,0.346101137868404,0.48129068039654244,0.6578696947252161,0.8711356714139906,0.9997030205405872,1.0
experiment/viscosity,experiment/solvation,il,il_solute,39941,23783,0,False,False,0,,incompatible_topology,,,,,,,,,,,,,,,,,,,,,
experiment/viscosity,experiment/speed_of_sound,il,il,39941,6819,0,True,True,39941,0.2551115344756794,,0.0,0.2773500981126146,0.5222329678670935,0.7745966692414834,1.0,1.0,1.0,0.3356672623061143,0.8250499020289319,0.9647371791298996,0.998945569610991,1.0,1.0,1.0,0.17952386210266874,0.48612200467087524,0.6555759988756771,0.8291380833560749,0.9986058934681301,1.0,1.0
experiment/viscosity,experiment/static_relative_permittivity,il,il,39941,65,0,True,True,39941,0.13641712624467084,,0.0,0.15536386656646636,0.3692744729379982,0.5516772843673705,0.9682458365518543,1.0,1.0,0.2648417478023519,0.5881941563322515,0.8468254340597416,0.9233212017839083,0.9787420652890829,0.9997970520109484,1.0,0.17257281191002208,0.37568075981250976,0.5274145040227134,0.6581828876341773,0.8723061303237089,0.9929835867510567,1.0
experiment/viscosity,experiment/surface_tension,il,il,39941,10142,0,True,True,39941,-0.039854133296713196,,0.0,0.36735282343519987,0.6859943405700354,1.0,1.0,1.0,1.0,0.30317601569781283,0.6324746475472287,0.7301076073734083,0.7493914031267263,0.75,0.75,0.75,0.2032430948009356,0.4722439840647009,0.6979854893474677,0.918856967018813,0.9249999999999999,0.9249999999999999,0.9249999999999999
experiment/viscosity,experiment/thermal_conductivity,il,il,39941,1540,0,True,True,39941,0.14186489231231988,,0.0,0.18569533817705186,0.4685212856658182,0.7319250547113999,1.0,1.0,1.0,0.40389814805350044,0.7975665271301866,0.9787420652890831,0.9899862327073286,0.9993914031267263,1.0,1.0,0.20080797630778488,0.42679444259151533,0.62186729764503,0.7984997921936935,0.9915512131482573,0.9999391156032844,1.0
experiment/viscosity,experiment/thermal_decomposition_temperature,il,il,39941,2775,0,True,True,39941,-0.042301562281162705,,0.0,0.38388594797495723,0.6454972243679028,0.9258200997725514,1.0,1.0,1.0,0.5,0.5,0.5,0.5,0.5,0.5,0.5,0.15,0.41872016358247,0.601848057057532,0.798074069840786,0.85,0.85,0.85
experiment/viscosity,experiment/transfer,il,il_solute,39941,3079,0,False,False,0,,incompatible_topology,,,,,,,,,,,,,,,,,,,,,
experiment/viscosity,experiment/transfer_organic,il,solute_solvent,39941,1914,0,False,False,0,,incompatible_topology,,,,,,,,,,,,,,,,,,,,,
experiment/viscosity,experiment/viscosity,il,il,39941,39941,0,True,False,0,,same_task_skipped,,,,,,,,,,,,,,,,,,,,,
experiment/viscosity,experiment/x_co2,il,il,39941,9536,0,True,True,39941,0.2585637432777037,,0.0,0.14269544824634825,0.4198595613798158,0.6793662204867574,1.0,1.0,1.0,0.41127434956519426,0.7198641151938248,0.8458059216702444,0.9514571106276334,0.9793842817250151,0.9984395050381961,1.0,0.19138644232134103,0.384282581671048,0.5620516679102733,0.7490520135279013,0.9530589962061702,0.9972865158602207,1.0
experiment/x_co2,experiment/density,il,il,9536,100579,0,True,True,9536,0.06327462268249742,,0.4472135954999579,0.8660254037844386,1.0,1.0,1.0,1.0,1.0,0.4949607974035878,0.6884833952146884,0.9128086135527373,0.9711454746975108,0.9885626100369571,0.9988089513948556,1.0,0.5995128587975331,0.8262126118986698,0.9478323807218424,0.9894177929539352,0.9962610355535266,0.9995803928532976,1.0
experiment/x_co2,experiment/dynamic_relative_permittivity,il,il,9536,882,0,True,True,9536,-0.07743648928165643,,0.1873171623163388,0.3651483716701107,0.6582805886043833,0.9797958971132712,1.0,1.0,1.0,0.36494647053194185,0.4688869970168464,0.542995306974328,0.5968549521803366,0.6522368286414979,0.7452199053039666,0.8330791102279319,0.2641555973926079,0.4511254224301255,0.6462803897834195,0.8422239833619115,0.8766049742958942,0.9099331051164883,0.9496879010076391
experiment/x_co2,experiment/electrical_conductivity,il,il,9536,9464,0,True,True,9536,-0.025874924137339717,,0.27524094128159016,0.6831300510639732,0.97182531580755,1.0,1.0,1.0,1.0,0.3943735943460166,0.5939480285191999,0.6964458506735782,0.7769832186031025,0.8860311290692122,0.981194830678418,1.0,0.40179815940336694,0.6821199801915238,0.8938403224062406,0.9247914199050464,0.9439551196611187,0.9880839860425599,1.0
experiment/x_co2,experiment/equilibrium_pressure,il,il,9536,2029,0,True,True,9536,-0.056838275151758724,,0.09072184232530289,0.3627381250550058,0.6546536707079771,1.0,1.0,1.0,1.0,0.3157548973492218,0.3980013049221528,0.467286267193625,0.5229515589091451,0.5974455236861654,0.7231705723598836,0.7498782213196035,0.26864995931825963,0.4190826962511538,0.6310116803277057,0.8304240671422384,0.8566862480326587,0.9026198471035434,0.924963466395881
experiment/x_co2,experiment/glass_transition_temperature,il,il,9536,793,0,True,True,9536,-0.02001397954578492,,0.24999999999999997,0.4988674957145865,0.9198662110077999,1.0,1.0,1.0,1.0,0.5,0.5,0.5,0.5,0.5,0.5,0.5,0.32499999999999996,0.4992072470002106,0.7939063477054599,0.85,0.85,0.85,0.85
experiment/x_co2,experiment/heat_capacity,il,il,9536,15215,0,True,True,9536,0.22907907222179588,,0.07453559924999298,0.5,1.0,1.0,1.0,1.0,1.0,0.4675100234835985,0.6272625451141762,0.6853539413188852,0.7421966256040664,0.8255317161611431,0.9834314517433729,1.0,0.34714883872516816,0.5781599894333316,0.8892788752580768,0.9113958988414295,0.9374963374736066,0.9932132831958085,1.0
experiment/x_co2,experiment/isobaric_coefficient_of_volume_expansion,il,il,9536,894,0,True,True,9536,-0.07094915648947883,,0.0,0.19611613513818404,0.3779644730092272,0.6416889479197478,1.0,1.0,1.0,0.3937351315945851,0.5745562922905929,0.7546510655255244,0.8723163899664179,0.9565907604799364,0.979330612090769,1.0,0.2600777670034251,0.3343965468346311,0.514356343714531,0.7057149941003285,0.9519854368332337,0.9921548204086134,1.0
experiment/x_co2,experiment/melting_point,il,il,9536,4688,0,True,True,9536,0.19190548377908556,,0.45883146774112354,0.6846531968814576,1.0,1.0,1.0,1.0,1.0,0.5,0.5,0.5,0.5,0.5,0.5,0.5,0.47118202741878645,0.6292572378170204,0.85,0.85,0.85,0.85,0.85
experiment/x_co2,experiment/pec50,il,il,9536,330,0,True,True,9536,0.2881511548957352,,0.20483662259967567,0.42008402520840293,0.7844645405527362,1.0,1.0,1.0,1.0,0.5,0.5,0.5,0.5,0.5,0.5,0.5,0.29338563581977295,0.44405881764588206,0.6991251783869153,0.85,0.85,0.85,0.85
experiment/x_co2,experiment/refractive_index,il,il,9536,10764,0,True,True,9536,-0.05004809960153839,,0.3892494720807615,0.672021505032247,1.0,1.0,1.0,1.0,1.0,0.4115088093984096,0.5424119398630134,0.6113340086663515,0.6429802089931462,0.6883612893911977,0.7829488199005509,0.8333333333333334,0.43364380701732264,0.6613983436505729,0.8748435253689049,0.8891221669203501,0.9028861747430665,0.9335573618328773,0.95
experiment/x_co2,experiment/self_diffusion_coefficient,il,il,9536,382,0,True,True,9536,0.14103952672584938,,0.0,0.2970442628930023,0.5547001962252291,0.9198662110077999,1.0,1.0,1.0,0.3638836700021332,0.569446204871606,0.6605257078600681,0.7079709090221411,0.7716863125028482,0.9112993343730149,1.0,0.1847880140901814,0.41847249529627645,0.613537674950701,0.8557095593171473,0.9113647114077508,0.9572909501719452,1.0
experiment/x_co2,experiment/solvation,il,il_solute,9536,23783,0,False,False,0,,incompatible_topology,,,,,,,,,,,,,,,,,,,,,
experiment/x_co2,experiment/speed_of_sound,il,il,9536,6819,0,True,True,9536,-0.09768845626795554,,0.21693045781865616,0.5222329678670935,0.7791937224739796,1.0,1.0,1.0,1.0,0.4567911230665047,0.6536891715622924,0.778929731340317,0.8723100137876106,0.947387098285961,0.9893743587447312,1.0,0.42024580065760986,0.6101527045362096,0.7953860997622031,0.928770513637824,0.9637033953145192,0.9925762187842107,1.0
experiment/x_co2,experiment/static_relative_permittivity,il,il,9536,65,0,True,True,9536,0.0017072320403445607,,0.13608276348795434,0.3627381250550058,0.5640760748177662,1.0,1.0,1.0,1.0,0.29741970579791277,0.4532142098903054,0.5643512044820125,0.6451812518871857,0.728693510946808,0.8679119236797423,0.9994157173528462,0.2606695427759969,0.4440494100397767,0.5915004801043897,0.8503680970585019,0.8969171841988661,0.9486393676556983,0.9998247152058538
experiment/x_co2,experiment/surface_tension,il,il,9536,10142,0,True,True,9536,-0.29643685760928395,,0.3077935056255462,0.7071067811865476,1.0,1.0,1.0,1.0,1.0,0.5196473484040874,0.6578371146084251,0.746399816329974,0.7495941863976691,0.75,0.75,0.75,0.43013425257616494,0.7109692482171494,0.9185273693430815,0.924805256905203,0.9249999999999999,0.9249999999999999,0.9249999999999999
experiment/x_co2,experiment/thermal_conductivity,il,il,9536,1540,0,True,True,9536,-0.22557409355098387,,0.06262242910851495,0.4931969619160719,0.8717797887081347,1.0,1.0,1.0,1.0,0.3843056099515988,0.633659165732529,0.7166171297599618,0.7936395777490552,0.8880663162862635,0.9745189295447452,1.0,0.3001565640332981,0.5678203755019453,0.8414814385291529,0.9114907040793359,0.9427925689831138,0.9851885842710101,1.0
experiment/x_co2,experiment/thermal_decomposition_temperature,il,il,9536,2775,0,True,True,9536,0.011660926986446859,,0.41522739926869984,0.6504436355879909,0.9797958971132712,1.0,1.0,1.0,1.0,0.5,0.5,0.5,0.5,0.5,0.5,0.5,0.44065917948808986,0.6053105449115936,0.8358571279792898,0.85,0.85,0.85,0.85
experiment/x_co2,experiment/transfer,il,il_solute,9536,3079,0,False,False,0,,incompatible_topology,,,,,,,,,,,,,,,,,,,,,
experiment/x_co2,experiment/transfer_organic,il,solute_solvent,9536,1914,0,False,False,0,,incompatible_topology,,,,,,,,,,,,,,,,,,,,,
experiment/x_co2,experiment/viscosity,il,il,9536,39941,0,True,True,9536,-0.0009223831325833913,,0.5144957554275266,0.7844645405527362,1.0,1.0,1.0,1.0,1.0,0.41424268735650677,0.6504473001702775,0.7510905381260055,0.8979838379402438,0.965248379811682,0.9934423158295738,1.0,0.5517461627830085,0.8148233298376654,0.9159378864800615,0.9619245162630097,0.9880431264514633,0.9978128616315276,1.0
experiment/x_co2,experiment/x_co2,il,il,9536,9536,0,True,False,0,,same_task_skipped,,,,,,,,,,,,,,,,,,,,,
